graph,precision,cpu_share,rep,seconds_total,iterations,iter_ms,contrib_ms,gpu_gather_ms,copy_ms,copy_mb,copy_gbs,wait_copy_ms,cpu_gather_ms,back_ms,back_mb,scatter_ms,wait_gpu_ms,upload_ms,upload_mb,download_ms
wiki-Vote,double,0,1,0.000752,16,0.0440,0.0035,0.0300,,,,,,,,,0.0282,0.0855,0.5855,0.0091
wiki-Vote,double,0,2,0.000750,16,0.0440,0.0035,0.0300,,,,,,,,,0.0282,0.0855,0.5855,0.0091
wiki-Vote,double,0,3,0.000815,16,0.0511,0.0034,0.0298,,,,,,,,,0.0358,0.0853,0.5855,0.0196
wiki-Vote,float,0,1,0.000851,16,0.0517,0.0032,0.0326,,,,,,,,,0.0360,0.0821,0.5571,0.0048
wiki-Vote,float,0,2,0.000973,16,0.0567,0.0032,0.0326,,,,,,,,,0.0364,0.0819,0.5571,0.0048
wiki-Vote,float,0,3,0.000870,16,0.0529,0.0032,0.0326,,,,,,,,,0.0360,0.0820,0.5571,0.0048
wiki-Vote,double,0.25,1,0.001362,16,0.0698,0.0034,0.0222,0.0089,0.0569,6.3984,0.0022,0.0086,0.0013,0.0013,0.0019,0.0172,0.0854,0.5855,0.0092
wiki-Vote,double,0.25,2,0.001384,16,0.0699,0.0035,0.0222,0.0089,0.0569,6.3866,0.0027,0.0084,0.0013,0.0013,0.0019,0.0195,0.0855,0.5855,0.0092
wiki-Vote,double,0.25,3,0.001371,16,0.0693,0.0034,0.0224,0.0089,0.0569,6.3977,0.0023,0.0083,0.0013,0.0013,0.0019,0.0172,0.0855,0.5855,0.0091
wiki-Vote,float,0.25,1,0.001352,16,0.0686,0.0032,0.0244,0.0046,0.0285,6.2194,0.0013,0.0078,0.0012,0.0007,0.0019,0.0194,0.0818,0.5571,0.0048
wiki-Vote,float,0.25,2,0.001363,16,0.0682,0.0032,0.0244,0.0046,0.0285,6.2194,0.0012,0.0076,0.0012,0.0007,0.0019,0.0197,0.0820,0.5571,0.0048
wiki-Vote,float,0.25,3,0.001364,16,0.0678,0.0032,0.0244,0.0046,0.0285,6.2406,0.0012,0.0077,0.0012,0.0007,0.0019,0.0198,0.0819,0.5571,0.0048
wiki-Vote,double,0.5,1,0.001265,16,0.0594,0.0035,0.0207,0.0089,0.0569,6.3984,0.0023,0.0117,0.0017,0.0038,0.0020,0.0043,0.0852,0.5855,0.0091
wiki-Vote,double,0.5,2,0.001262,16,0.0604,0.0035,0.0207,0.0089,0.0569,6.3984,0.0019,0.0123,0.0017,0.0038,0.0020,0.0043,0.0855,0.5855,0.0092
wiki-Vote,double,0.5,3,0.001258,16,0.0597,0.0035,0.0208,0.0089,0.0569,6.3866,0.0023,0.0121,0.0017,0.0038,0.0020,0.0042,0.0854,0.5855,0.0091
wiki-Vote,float,0.5,1,0.001334,16,0.0665,0.0032,0.0224,0.0046,0.0285,6.2194,0.0012,0.0116,0.0014,0.0019,0.0020,0.0121,0.0822,0.5571,0.0050
wiki-Vote,float,0.5,2,0.001313,16,0.0649,0.0032,0.0225,0.0046,0.0285,6.2413,0.0012,0.0113,0.0014,0.0019,0.0020,0.0122,0.0820,0.5571,0.0048
wiki-Vote,float,0.5,3,0.001336,16,0.0647,0.0032,0.0224,0.0046,0.0285,6.2194,0.0011,0.0112,0.0014,0.0019,0.0020,0.0121,0.0820,0.5571,0.0048
wiki-Vote,double,0.75,1,0.001289,16,0.0635,0.0035,0.0174,0.0089,0.0569,6.3984,0.0023,0.0150,0.0013,0.0078,0.0020,0.0042,0.0855,0.5855,0.0091
wiki-Vote,double,0.75,2,0.001308,16,0.0633,0.0035,0.0175,0.0089,0.0569,6.3754,0.0023,0.0151,0.0013,0.0078,0.0020,0.0042,0.0856,0.5855,0.0092
wiki-Vote,double,0.75,3,0.001303,16,0.0632,0.0035,0.0174,0.0089,0.0569,6.3754,0.0021,0.0150,0.0014,0.0078,0.0020,0.0042,0.0852,0.5855,0.0092
wiki-Vote,float,0.75,1,0.001269,16,0.0605,0.0032,0.0186,0.0045,0.0285,6.2632,0.0012,0.0155,0.0010,0.0039,0.0019,0.0042,0.0820,0.5571,0.0048
wiki-Vote,float,0.75,2,0.001352,16,0.0627,0.0032,0.0186,0.0046,0.0285,6.2413,0.0012,0.0161,0.0010,0.0039,0.0019,0.0043,0.0821,0.5571,0.0048
wiki-Vote,float,0.75,3,0.001306,16,0.0627,0.0032,0.0186,0.0046,0.0285,6.2194,0.0012,0.0160,0.0010,0.0039,0.0019,0.0042,0.0821,0.5571,0.0048
wiki-Vote,double,1,1,0.001406,16,0.0692,0.0034,0.0041,0.0089,0.0569,6.3754,0.0062,0.0205,0.0024,0.0190,0.0019,0.0042,0.0856,0.5855,0.0092
wiki-Vote,double,1,2,0.001406,16,0.0697,0.0034,0.0041,0.0089,0.0569,6.3977,0.0064,0.0206,0.0024,0.0190,0.0019,0.0044,0.0852,0.5855,0.0091
wiki-Vote,double,1,3,0.001389,16,0.0691,0.0034,0.0042,0.0089,0.0569,6.3984,0.0063,0.0199,0.0024,0.0190,0.0019,0.0044,0.0852,0.5855,0.0091
wiki-Vote,float,1,1,0.001353,16,0.0661,0.0032,0.0041,0.0046,0.0285,6.2194,0.0017,0.0218,0.0015,0.0095,0.0019,0.0042,0.0820,0.5571,0.0049
wiki-Vote,float,1,2,0.001369,16,0.0667,0.0032,0.0041,0.0046,0.0285,6.2194,0.0016,0.0223,0.0015,0.0095,0.0019,0.0042,0.0819,0.5571,0.0049
wiki-Vote,float,1,3,0.001344,16,0.0656,0.0032,0.0041,0.0046,0.0285,6.2406,0.0015,0.0218,0.0015,0.0095,0.0019,0.0042,0.0819,0.5571,0.0048
web-NotreDame,double,0,1,0.009695,58,0.1669,0.0219,0.1288,,,,,,,,,0.1510,2.2276,13.8060,0.3981
web-NotreDame,double,0,2,0.009738,58,0.1668,0.0218,0.1285,,,,,,,,,0.1512,2.2117,13.8060,0.3981
web-NotreDame,double,0,3,0.009760,58,0.1678,0.0220,0.1285,,,,,,,,,0.1510,2.2118,13.8060,0.3981
web-NotreDame,float,0,1,0.009733,58,0.1670,0.0138,0.1393,,,,,,,,,0.1509,2.0063,12.5031,0.1995
web-NotreDame,float,0,2,0.009731,58,0.1670,0.0138,0.1396,,,,,,,,,0.1508,2.0081,12.5031,0.1995
web-NotreDame,float,0,3,0.009762,58,0.1670,0.0139,0.1399,,,,,,,,,0.1507,2.0244,12.5031,0.1995
web-NotreDame,double,0.25,1,0.030561,58,0.5186,0.0220,0.1081,0.3958,2.6058,6.5837,0.4098,0.0600,0.0010,0.0035,0.0023,0.0050,2.2552,13.8060,0.3979
web-NotreDame,double,0.25,2,0.030401,58,0.5176,0.0220,0.1079,0.3958,2.6058,6.5840,0.4101,0.0598,0.0010,0.0035,0.0023,0.0050,2.2422,13.8060,0.3980
web-NotreDame,double,0.25,3,0.030420,58,0.5171,0.0220,0.1081,0.3960,2.6058,6.5810,0.4102,0.0596,0.0010,0.0035,0.0023,0.0050,2.2375,13.8060,0.3980
web-NotreDame,float,0.25,1,0.017769,58,0.3006,0.0140,0.1169,0.1981,1.3029,6.5754,0.2039,0.0498,0.0008,0.0017,0.0024,0.0048,2.0257,12.5031,0.1994
web-NotreDame,float,0.25,2,0.017864,58,0.3005,0.0139,0.1170,0.1981,1.3029,6.5754,0.2040,0.0502,0.0008,0.0017,0.0023,0.0049,2.0256,12.5031,0.1994
web-NotreDame,float,0.25,3,0.017916,58,0.2995,0.0139,0.1169,0.1981,1.3029,6.5755,0.2040,0.0499,0.0008,0.0017,0.0024,0.0049,2.0060,12.5031,0.1994
web-NotreDame,double,0.5,1,0.036491,58,0.6220,0.0224,0.0876,0.3961,2.6058,6.5792,0.4105,0.1470,0.0120,0.0700,0.0026,0.0149,2.2428,13.8060,0.3980
web-NotreDame,double,0.5,2,0.036311,58,0.6188,0.0224,0.0876,0.3961,2.6058,6.5794,0.4103,0.1452,0.0119,0.0700,0.0026,0.0143,2.2264,13.8060,0.3979
web-NotreDame,double,0.5,3,0.036632,58,0.6213,0.0224,0.0876,0.3960,2.6058,6.5800,0.4105,0.1461,0.0120,0.0700,0.0026,0.0225,2.2639,13.8060,0.3982
web-NotreDame,float,0.5,1,0.023268,58,0.3938,0.0142,0.0874,0.1981,1.3029,6.5754,0.2041,0.1419,0.0064,0.0350,0.0024,0.0047,2.0343,12.5031,0.1994
web-NotreDame,float,0.5,2,0.023318,58,0.3947,0.0142,0.0876,0.1982,1.3029,6.5744,0.2039,0.1426,0.0064,0.0350,0.0024,0.0046,2.0128,12.5031,0.1994
web-NotreDame,float,0.5,3,0.023384,58,0.3959,0.0142,0.0876,0.1981,1.3029,6.5754,0.2039,0.1434,0.0065,0.0350,0.0024,0.0046,2.0388,12.5031,0.1994
web-NotreDame,double,0.75,1,0.046304,58,0.7875,0.0235,0.0512,0.3963,2.6058,6.5752,0.4191,0.2695,0.0508,0.3232,0.0036,0.0578,2.2275,13.8060,0.3980
web-NotreDame,double,0.75,2,0.046109,58,0.7847,0.0236,0.0512,0.3963,2.6058,6.5757,0.4191,0.2660,0.0508,0.3232,0.0035,0.0575,2.2355,13.8060,0.3980
web-NotreDame,double,0.75,3,0.046242,58,0.7890,0.0236,0.0512,0.3961,2.6058,6.5786,0.4194,0.2674,0.0508,0.3232,0.0036,0.0594,2.2132,13.8060,0.3980
web-NotreDame,float,0.75,1,0.032737,58,0.5580,0.0146,0.0460,0.1995,1.3029,6.5317,0.2145,0.2692,0.0261,0.1616,0.0032,0.0330,2.0095,12.5031,0.1997
web-NotreDame,float,0.75,2,0.032747,58,0.5565,0.0146,0.0457,0.1994,1.3029,6.5353,0.2141,0.2695,0.0261,0.1616,0.0032,0.0327,2.0079,12.5031,0.1995
web-NotreDame,float,0.75,3,0.032919,58,0.5581,0.0146,0.0459,0.1992,1.3029,6.5411,0.2139,0.2699,0.0261,0.1616,0.0032,0.0332,2.0030,12.5031,0.1997
web-NotreDame,double,1,1,0.113115,58,1.7500,0.0248,0.0000,0.3955,2.6058,6.5888,0.4173,0.8635,0.4010,2.6058,0.0164,0.4078,2.2366,13.8060,0.3980
web-NotreDame,double,1,2,0.102210,58,1.7550,0.0248,0.0000,0.3955,2.6058,6.5888,0.4176,0.8637,0.4010,2.6058,0.0163,0.4085,2.2229,13.8060,0.3981
web-NotreDame,double,1,3,0.102153,58,1.7542,0.0248,0.0000,0.3955,2.6058,6.5887,0.4177,0.8646,0.4010,2.6058,0.0163,0.4074,2.2162,13.8060,0.3979
web-NotreDame,float,1,1,0.084175,58,1.4445,0.0147,0.0000,0.1976,1.3029,6.5946,0.2113,0.9719,0.2007,1.3029,0.0106,0.2060,2.0115,12.5031,0.1994
web-NotreDame,float,1,2,0.084105,58,1.4435,0.0148,0.0000,0.1976,1.3029,6.5946,0.2116,0.9701,0.2008,1.3029,0.0106,0.2122,2.0342,12.5031,0.1995
web-NotreDame,float,1,3,0.083936,58,1.4407,0.0148,0.0000,0.1976,1.3029,6.5946,0.2113,0.9688,0.2008,1.3029,0.0106,0.2098,2.0049,12.5031,0.1993
web-Stanford,double,0,1,0.019385,63,0.3061,0.0203,0.2740,,,,,,,,,0.2905,2.5974,16.0157,0.3449
web-Stanford,double,0,2,0.019352,63,0.3061,0.0204,0.2734,,,,,,,,,0.2903,2.5896,16.0157,0.3536
web-Stanford,double,0,3,0.019380,63,0.3065,0.0203,0.2738,,,,,,,,,0.2905,2.5726,16.0157,0.3449
web-Stanford,float,0,1,0.015157,63,0.2398,0.0119,0.2118,,,,,,,,,0.2241,2.4045,14.8881,0.1729
web-Stanford,float,0,2,0.015141,63,0.2397,0.0119,0.2119,,,,,,,,,0.2244,2.4066,14.8881,0.1731
web-Stanford,float,0,3,0.015205,63,0.2416,0.0119,0.2118,,,,,,,,,0.2243,2.4003,14.8881,0.1730
web-Stanford,double,0.25,1,0.052425,63,0.8252,0.0204,0.2238,0.3433,2.2552,6.5692,0.3494,0.4251,0.0007,0.0007,0.0022,0.0049,2.5787,16.0157,0.3446
web-Stanford,double,0.25,2,0.052006,63,0.8194,0.0204,0.2241,0.3433,2.2552,6.5692,0.3502,0.4158,0.0007,0.0007,0.0022,0.0051,2.6149,16.0157,0.3447
web-Stanford,double,0.25,3,0.052383,63,0.8201,0.0203,0.2237,0.3433,2.2552,6.5686,0.3498,0.4204,0.0007,0.0007,0.0022,0.0050,2.6092,16.0157,0.3446
web-Stanford,float,0.25,1,0.035340,63,0.5590,0.0121,0.1739,0.1721,1.1276,6.5508,0.1701,0.3372,0.0007,0.0004,0.0022,0.0049,2.3914,14.8881,0.1728
web-Stanford,float,0.25,2,0.035439,63,0.5550,0.0121,0.1741,0.1722,1.1276,6.5472,0.1708,0.3351,0.0007,0.0004,0.0022,0.0049,2.4178,14.8881,0.1727
web-Stanford,float,0.25,3,0.035248,63,0.5548,0.0121,0.1741,0.1722,1.1276,6.5496,0.1703,0.3369,0.0007,0.0004,0.0022,0.0051,2.4159,14.8881,0.1728
web-Stanford,double,0.5,1,0.057827,63,0.9102,0.0204,0.1753,0.3428,2.2552,6.5790,0.3548,0.5033,0.0025,0.0202,0.0024,0.0049,2.6163,16.0157,0.3446
web-Stanford,double,0.5,2,0.057781,63,0.9102,0.0204,0.1753,0.3427,2.2552,6.5802,0.3554,0.5027,0.0025,0.0202,0.0024,0.0050,2.6200,16.0157,0.3446
web-Stanford,double,0.5,3,0.057930,63,0.9136,0.0204,0.1755,0.3427,2.2552,6.5802,0.3540,0.5036,0.0025,0.0202,0.0024,0.0049,2.5825,16.0157,0.3446
web-Stanford,float,0.5,1,0.041330,63,0.6480,0.0127,0.1345,0.1717,1.1276,6.5667,0.1742,0.4236,0.0016,0.0101,0.0024,0.0050,2.4021,14.8881,0.1727
web-Stanford,float,0.5,2,0.041032,63,0.6435,0.0127,0.1346,0.1717,1.1276,6.5655,0.1741,0.4212,0.0016,0.0101,0.0024,0.0050,2.4180,14.8881,0.1727
web-Stanford,float,0.5,3,0.041059,63,0.6444,0.0127,0.1345,0.1718,1.1276,6.5630,0.1739,0.4210,0.0016,0.0101,0.0024,0.0050,2.4202,14.8881,0.1728
web-Stanford,double,0.75,1,0.080527,63,1.2684,0.0214,0.0928,0.3424,2.2552,6.5857,0.3585,0.8128,0.0439,0.2779,0.0039,0.0496,2.5828,16.0157,0.3449
web-Stanford,double,0.75,2,0.080763,63,1.2716,0.0213,0.0926,0.3427,2.2552,6.5808,0.3583,0.8169,0.0440,0.2779,0.0039,0.0491,2.6176,16.0157,0.3448
web-Stanford,double,0.75,3,0.080728,63,1.2696,0.0214,0.0927,0.3426,2.2552,6.5821,0.3582,0.8175,0.0439,0.2779,0.0038,0.0491,2.5807,16.0157,0.3448
web-Stanford,float,0.75,1,0.061247,63,0.9599,0.0134,0.0611,0.1718,1.1276,6.5618,0.1782,0.7130,0.0226,0.1390,0.0034,0.0248,2.4017,14.8881,0.1727
web-Stanford,float,0.75,2,0.061148,63,0.9618,0.0134,0.0612,0.1718,1.1276,6.5631,0.1782,0.7142,0.0226,0.1390,0.0034,0.0271,2.4027,14.8881,0.1728
web-Stanford,float,0.75,3,0.061050,63,0.9577,0.0134,0.0612,0.1726,1.1276,6.5338,0.1791,0.7097,0.0226,0.1390,0.0034,0.0243,2.3951,14.8881,0.1728
web-Stanford,double,1,1,0.144735,63,2.1812,0.0233,0.0149,0.3438,2.2552,6.5594,0.3598,1.4160,0.3224,2.0927,0.0124,0.3257,2.6098,16.0157,0.3449
web-Stanford,double,1,2,0.136662,63,2.1603,0.0233,0.0149,0.3444,2.2552,6.5484,0.3610,1.3953,0.3225,2.0927,0.0123,0.3260,2.6143,16.0157,0.3449
web-Stanford,double,1,3,0.135541,63,2.1449,0.0233,0.0149,0.3442,2.2552,6.5521,0.3609,1.3856,0.3224,2.0927,0.0124,0.3219,2.5962,16.0157,0.3449
web-Stanford,float,1,1,0.112106,63,1.7721,0.0131,0.0134,0.1717,1.1276,6.5667,0.1778,1.3728,0.1619,1.0464,0.0076,0.1570,2.3936,14.8881,0.1728
web-Stanford,float,1,2,0.112928,63,1.7833,0.0131,0.0134,0.1717,1.1276,6.5667,0.1775,1.3802,0.1620,1.0464,0.0075,0.1625,2.4291,14.8881,0.1728
web-Stanford,float,1,3,0.114207,63,1.7991,0.0130,0.0134,0.1717,1.1276,6.5667,0.1777,1.3958,0.1620,1.0464,0.0076,0.1609,2.4345,14.8881,0.1728
web-Google,double,0,1,0.113902,62,1.8359,0.0607,1.7611,,,,,,,,,1.8187,6.7213,41.4373,1.0899
web-Google,double,0,2,0.113246,62,1.8267,0.0581,1.7542,,,,,,,,,1.8088,6.8861,41.4373,1.0682
web-Google,double,0,3,0.113836,62,1.8358,0.0605,1.7596,,,,,,,,,1.8191,6.7471,41.4373,1.0696
web-Google,float,0,1,0.065043,62,1.0497,0.0339,1.0002,,,,,,,,,1.0306,6.2005,37.9344,0.5355
web-Google,float,0,2,0.064491,62,1.0391,0.0331,0.9926,,,,,,,,,1.0204,6.2852,37.9344,0.5350
web-Google,float,0,3,0.065029,62,1.0484,0.0339,1.0003,,,,,,,,,1.0305,6.3619,37.9344,0.5353
web-Google,double,0.25,1,0.147460,62,2.2654,0.0603,1.3906,1.0659,7.0057,6.5724,1.1168,1.0637,0.0084,0.0477,0.0021,0.0054,6.7019,41.4373,1.0688
web-Google,double,0.25,2,0.146879,62,2.2510,0.0600,1.3902,1.0669,7.0057,6.5664,1.1211,1.0535,0.0084,0.0477,0.0020,0.0053,6.7478,41.4373,1.0681
web-Google,double,0.25,3,0.148180,62,2.2778,0.0605,1.3907,1.0679,7.0057,6.5602,1.1212,1.0753,0.0084,0.0477,0.0021,0.0056,6.8381,41.4373,1.0684
web-Google,float,0.25,1,0.081252,62,1.2972,0.0350,0.8078,0.5352,3.5029,6.5450,0.5660,0.6739,0.0024,0.0239,0.0020,0.0040,6.1738,37.9344,0.5343
web-Google,float,0.25,2,0.080802,62,1.2944,0.0350,0.8091,0.5350,3.5029,6.5475,0.5657,0.6725,0.0024,0.0239,0.0020,0.0041,6.2306,37.9344,0.5345
web-Google,float,0.25,3,0.080777,62,1.2900,0.0349,0.8089,0.5348,3.5029,6.5493,0.5652,0.6703,0.0024,0.0239,0.0020,0.0040,6.2045,37.9344,0.5345
web-Google,double,0.5,1,0.215671,62,3.3871,0.0619,1.0025,1.0659,7.0057,6.5726,1.1156,2.1458,0.0495,0.3130,0.0084,0.0457,6.8243,41.4373,1.0681
web-Google,double,0.5,2,0.219925,62,3.4535,0.0619,1.0032,1.0748,7.0057,6.5180,1.1250,2.2059,0.0496,0.3130,0.0084,0.0429,6.7280,41.4373,1.0681
web-Google,double,0.5,3,0.210130,62,3.2880,0.0620,1.0042,1.0656,7.0057,6.5742,1.1149,2.0449,0.0496,0.3130,0.0084,0.0454,6.7827,41.4373,1.0681
web-Google,float,0.5,1,0.130972,62,2.0994,0.0368,0.5939,0.5332,3.5029,6.5691,0.5615,1.4545,0.0252,0.1565,0.0049,0.0231,6.1819,37.9344,0.5345
web-Google,float,0.5,2,0.137830,62,2.0994,0.0367,0.5935,0.5332,3.5029,6.5695,0.5612,1.4540,0.0252,0.1565,0.0050,0.0242,6.1818,37.9344,0.5345
web-Google,float,0.5,3,0.130693,62,2.0977,0.0367,0.5935,0.5342,3.5029,6.5567,0.5626,1.4522,0.0252,0.1565,0.0050,0.0233,6.2024,37.9344,0.5346
web-Google,double,0.75,1,0.284066,62,4.4627,0.0620,0.5863,1.0653,7.0057,6.5762,1.1197,3.0918,0.1626,1.0460,0.0219,0.1701,6.8132,41.4373,1.0688
web-Google,double,0.75,2,0.282882,62,4.4856,0.0622,0.5880,1.0658,7.0057,6.5733,1.1231,3.1062,0.1628,1.0460,0.0219,0.1717,6.8223,41.4373,1.0690
web-Google,double,0.75,3,0.287491,62,4.5132,0.0622,0.5874,1.0654,7.0057,6.5758,1.1222,3.1461,0.1628,1.0460,0.0219,0.1678,6.7520,41.4373,1.0688
web-Google,float,0.75,1,0.187643,62,2.9146,0.0383,0.3483,0.5315,3.5029,6.5909,0.5619,2.1996,0.0816,0.5230,0.0115,0.0800,6.1699,37.9344,0.5348
web-Google,float,0.75,2,0.187294,62,2.9149,0.0383,0.3472,0.5314,3.5029,6.5913,0.5621,2.2022,0.0815,0.5230,0.0117,0.0811,6.1424,37.9344,0.5348
web-Google,float,0.75,3,0.188589,62,2.9221,0.0383,0.3483,0.5315,3.5029,6.5909,0.5616,2.2046,0.0816,0.5230,0.0117,0.0867,6.2314,37.9344,0.5345
web-Google,double,1,1,0.465230,62,7.4436,0.0626,0.0600,1.0660,7.0057,6.5717,1.1243,5.3110,0.8844,5.7164,0.0540,0.9236,6.7612,41.4373,1.0689
web-Google,double,1,2,0.452786,62,7.2574,0.0650,0.0620,1.0629,7.0057,6.5913,1.1187,5.1245,0.8842,5.7164,0.0545,0.9289,6.8922,41.4373,1.0699
web-Google,double,1,3,0.439876,62,7.0490,0.0626,0.0600,1.0664,7.0057,6.5696,1.1245,4.9158,0.8843,5.7164,0.0540,0.9257,6.8165,41.4373,1.0689
web-Google,float,1,1,0.317688,62,5.0367,0.0389,0.0475,0.5346,3.5029,6.5520,0.5650,3.9285,0.4420,2.8582,0.0297,0.4578,6.1674,37.9344,0.5350
web-Google,float,1,2,0.316335,62,4.9871,0.0399,0.0496,0.5324,3.5029,6.5794,0.5634,3.8826,0.4421,2.8582,0.0301,0.4590,6.1726,37.9344,0.5354
web-Google,float,1,3,0.316792,62,4.9937,0.0388,0.0476,0.5350,3.5029,6.5477,0.5653,3.8876,0.4421,2.8582,0.0298,0.4539,6.2408,37.9344,0.5349
web-BerkStan,double,0,1,0.027090,64,0.4215,0.0417,0.3675,,,,,,,,,0.4047,7.6082,46.8479,0.8363
web-BerkStan,double,0,2,0.029622,64,0.4622,0.0437,0.4032,,,,,,,,,0.4458,7.6669,46.8479,0.8368
web-BerkStan,double,0,3,0.029118,64,0.4538,0.0435,0.3968,,,,,,,,,0.4374,7.6571,46.8479,0.8367
web-BerkStan,float,0,1,0.025942,64,0.4046,0.0236,0.3662,,,,,,,,,0.3883,7.1918,44.1070,0.4179
web-BerkStan,float,0,2,0.030054,64,0.4706,0.0243,0.4287,,,,,,,,,0.4539,7.2246,44.1070,0.4372
web-BerkStan,float,0,3,0.029251,64,0.4548,0.0241,0.4187,,,,,,,,,0.4382,7.2788,44.1070,0.4183
web-BerkStan,double,0.25,1,0.097395,64,1.5117,0.0419,0.2978,0.8334,5.4818,6.5773,0.8649,0.5927,0.0007,0.0013,0.0019,0.0041,7.7306,46.8479,0.8364
web-BerkStan,double,0.25,2,0.097131,64,1.5081,0.0437,0.3278,0.8326,5.4818,6.5843,0.8637,0.5903,0.0008,0.0013,0.0022,0.0051,7.6845,46.8479,0.8369
web-BerkStan,double,0.25,3,0.097433,64,1.5109,0.0436,0.3223,0.8330,5.4818,6.5807,0.8642,0.5914,0.0007,0.0013,0.0022,0.0049,7.6501,46.8479,0.8367
web-BerkStan,float,0.25,1,0.067249,64,1.0398,0.0236,0.3092,0.4170,2.7409,6.5734,0.4266,0.5550,0.0006,0.0007,0.0019,0.0042,7.2665,44.1070,0.4179
web-BerkStan,float,0.25,2,0.066871,64,1.0361,0.0243,0.3622,0.4168,2.7409,6.5759,0.4312,0.5521,0.0007,0.0007,0.0022,0.0049,7.3157,44.1070,0.4183
web-BerkStan,float,0.25,3,0.067171,64,1.0386,0.0241,0.3455,0.4173,2.7409,6.5689,0.4311,0.5532,0.0007,0.0007,0.0021,0.0049,7.2746,44.1070,0.4181
web-BerkStan,double,0.5,1,0.108230,64,1.6799,0.0423,0.2369,0.8324,5.4818,6.5857,0.8679,0.7577,0.0056,0.0300,0.0020,0.0046,7.6518,46.8479,0.8364
web-BerkStan,double,0.5,2,0.108284,64,1.6775,0.0440,0.2565,0.8322,5.4818,6.5872,0.8681,0.7571,0.0057,0.0300,0.0023,0.0050,7.7701,46.8479,0.8372
web-BerkStan,double,0.5,3,0.108627,64,1.6819,0.0436,0.2499,0.8322,5.4818,6.5868,0.8676,0.7588,0.0057,0.0300,0.0022,0.0051,7.6750,46.8479,0.8368
web-BerkStan,float,0.5,1,0.073930,64,1.1462,0.0244,0.2400,0.4168,2.7409,6.5765,0.4369,0.6570,0.0017,0.0150,0.0020,0.0045,7.2886,44.1070,0.4180
web-BerkStan,float,0.5,2,0.075451,64,1.1488,0.0252,0.2792,0.4167,2.7409,6.5772,0.4349,0.6594,0.0020,0.0150,0.0023,0.0049,7.2408,44.1070,0.4183
web-BerkStan,float,0.5,3,0.073878,64,1.1439,0.0250,0.2670,0.4166,2.7409,6.5800,0.4343,0.6580,0.0020,0.0150,0.0022,0.0048,7.2143,44.1070,0.4183
web-BerkStan,double,0.75,1,0.158008,64,2.3560,0.0454,0.1332,0.8316,5.4818,6.5918,0.8704,1.3635,0.0610,0.3894,0.0033,0.0627,7.6605,46.8479,0.8366
web-BerkStan,double,0.75,2,0.158120,64,2.3545,0.0459,0.1370,0.8317,5.4818,6.5911,0.8713,1.3668,0.0611,0.3894,0.0038,0.0564,7.7091,46.8479,0.8368
web-BerkStan,double,0.75,3,0.158312,64,2.3564,0.0459,0.1357,0.8316,5.4818,6.5916,0.8706,1.3654,0.0611,0.3894,0.0037,0.0560,7.6691,46.8479,0.8367
web-BerkStan,float,0.75,1,0.123048,64,1.7504,0.0262,0.1129,0.4163,2.7409,6.5835,0.4428,1.2268,0.0311,0.1947,0.0033,0.0314,7.2352,44.1070,0.4180
web-BerkStan,float,0.75,2,0.112580,64,1.7461,0.0268,0.1202,0.4160,2.7409,6.5891,0.4387,1.2243,0.0312,0.1947,0.0036,0.0321,7.2318,44.1070,0.4182
web-BerkStan,float,0.75,3,0.112280,64,1.7435,0.0267,0.1190,0.4160,2.7409,6.5881,0.4387,1.2216,0.0312,0.1947,0.0036,0.0321,7.1754,44.1070,0.4181
web-BerkStan,double,1,1,0.278123,64,4.2327,0.0452,0.0180,0.8320,5.4818,6.5889,0.8738,2.4917,0.7621,4.9368,0.0355,0.7822,7.6251,46.8479,0.8363
web-BerkStan,double,1,2,0.277608,64,4.2334,0.0458,0.0198,0.8317,5.4818,6.5909,0.8709,2.4936,0.7624,4.9368,0.0359,0.7863,7.6426,46.8479,0.8368
web-BerkStan,double,1,3,0.279712,64,4.2734,0.0456,0.0194,0.8322,5.4818,6.5868,0.8706,2.5329,0.7625,4.9368,0.0358,0.7886,7.6522,46.8479,0.8367
web-BerkStan,float,1,1,0.235267,64,3.5842,0.0270,0.0167,0.4160,2.7409,6.5889,0.4300,2.6814,0.3814,2.4684,0.0200,0.3870,7.2431,44.1070,0.4181
web-BerkStan,float,1,2,0.234592,64,3.5690,0.0276,0.0185,0.4163,2.7409,6.5835,0.4319,2.6666,0.3813,2.4684,0.0202,0.3849,7.2023,44.1070,0.4183
web-BerkStan,float,1,3,0.236065,64,3.6055,0.0276,0.0182,0.4163,2.7409,6.5835,0.4370,2.6962,0.3814,2.4684,0.0202,0.3903,7.2104,44.1070,0.4182
cit-Patents,double,0,1,0.110039,15,7.3387,0.2266,7.0943,,,,,,,,,7.3218,25.5703,156.6702,4.6096
cit-Patents,double,0,2,0.109928,15,7.3248,0.2245,7.0869,,,,,,,,,7.3029,25.9975,156.6702,4.6102
cit-Patents,double,0,3,0.110057,15,7.3370,0.2268,7.0918,,,,,,,,,7.3199,25.9915,156.6702,4.6725
cit-Patents,float,0,1,0.079442,15,5.2951,0.1336,5.1401,,,,,,,,,5.2704,23.2093,141.5712,2.3110
cit-Patents,float,0,2,0.079464,15,5.2968,0.1342,5.1466,,,,,,,,,5.2782,23.2432,141.5712,2.3875
cit-Patents,float,0,3,0.079287,15,5.2850,0.1333,5.1387,,,,,,,,,5.2675,23.1969,141.5712,2.3028
cit-Patents,double,0.25,1,0.158022,15,10.4662,0.2337,5.6494,4.5956,30.1981,6.5711,4.8191,5.3531,0.1731,1.1165,0.0405,0.1963,25.5346,156.6702,4.6079
cit-Patents,double,0.25,2,0.160102,15,10.6009,0.2318,5.6546,4.5969,30.1981,6.5692,4.8234,5.4875,0.1733,1.1165,0.0404,0.1996,25.7572,156.6702,4.6077
cit-Patents,double,0.25,3,0.158151,15,10.4650,0.2301,5.6565,4.5968,30.1981,6.5694,4.8214,5.3610,0.1733,1.1165,0.0409,0.1950,25.5526,156.6702,4.6073
cit-Patents,float,0.25,1,0.105634,15,6.5708,0.1368,4.1291,2.2993,15.0991,6.5668,2.4274,3.9527,0.0873,0.5582,0.0274,0.0977,23.3241,141.5712,2.3034
cit-Patents,float,0.25,2,0.104395,15,6.5151,0.1365,4.1249,2.2978,15.0991,6.5711,2.4272,3.8989,0.0874,0.5582,0.0269,0.1030,23.1391,141.5712,2.3026
cit-Patents,float,0.25,3,0.100712,15,6.4419,0.1366,4.1265,2.2978,15.0991,6.5711,2.4266,3.8253,0.0873,0.5582,0.0271,0.1047,23.1141,141.5712,2.3042
cit-Patents,double,0.5,1,0.249086,15,16.3161,0.2303,4.0720,4.5824,30.1981,6.5900,4.8034,10.7986,0.5454,3.5241,0.0951,0.6317,25.8908,156.6702,4.6074
cit-Patents,double,0.5,2,0.246862,15,16.2646,0.2299,4.0673,4.5805,30.1981,6.5928,4.8025,10.7589,0.5453,3.5241,0.0950,0.6258,25.6656,156.6702,4.6076
cit-Patents,double,0.5,3,0.244346,15,16.0983,0.2303,4.0698,4.5811,30.1981,6.5919,4.8001,10.5857,0.5455,3.5241,0.0948,0.6258,25.6688,156.6702,4.6046
cit-Patents,float,0.5,1,0.152015,15,9.8992,0.1376,2.9841,2.2913,15.0991,6.5899,2.4258,7.0793,0.2727,1.7620,0.0559,0.3126,23.1975,141.5712,2.3042
cit-Patents,float,0.5,2,0.156187,15,10.1749,0.1381,2.9880,2.2901,15.0991,6.5931,2.4243,7.3524,0.2728,1.7620,0.0558,0.3139,23.1008,141.5712,2.3042
cit-Patents,float,0.5,3,0.148581,15,9.7592,0.1377,2.9842,2.2915,15.0991,6.5892,2.4246,6.9404,0.2727,1.7620,0.0559,0.3127,23.1462,141.5712,2.3027
cit-Patents,double,0.75,1,0.358487,15,23.7939,0.2306,2.2529,4.5813,30.1981,6.5916,4.8007,17.3673,1.3937,9.0132,0.1589,1.5400,25.7250,156.6702,4.6093
cit-Patents,double,0.75,2,0.359675,15,23.8106,0.2318,2.2634,4.5809,30.1981,6.5921,4.8054,17.3840,1.3936,9.0132,0.1583,1.5364,25.6216,156.6702,4.6076
cit-Patents,double,0.75,3,0.359750,15,23.5351,0.2329,2.2633,4.5825,30.1981,6.5899,4.8089,17.0968,1.3937,9.0132,0.1596,1.5432,25.5450,156.6702,4.6044
cit-Patents,float,0.75,1,0.222717,15,14.5512,0.1385,1.7029,2.2903,15.0991,6.5926,2.4203,11.2709,0.6972,4.5066,0.0909,0.7749,23.1274,141.5712,2.3059
cit-Patents,float,0.75,2,0.227177,15,14.8491,0.1378,1.7099,2.2902,15.0991,6.5929,2.4194,11.5641,0.6972,4.5066,0.0903,0.7739,23.1998,141.5712,2.3043
cit-Patents,float,0.75,3,0.223767,15,14.5148,0.1376,1.7031,2.2911,15.0991,6.5904,2.4203,11.2439,0.6972,4.5066,0.0899,0.7708,23.3665,141.5712,2.3042
cit-Patents,double,1,1,0.534406,15,35.2724,0.2296,0.1405,4.5805,30.1981,6.5928,4.8003,26.1474,4.0298,26.0719,0.2214,4.2340,25.9832,156.6702,4.6108
cit-Patents,double,1,2,0.534628,15,35.3004,0.2305,0.1381,4.5802,30.1981,6.5931,4.8017,26.1705,4.0298,26.0719,0.2230,4.2399,25.6732,156.6702,4.6058
cit-Patents,double,1,3,0.536617,15,35.5413,0.2306,0.1384,4.5831,30.1981,6.5890,4.8039,26.4191,4.0300,26.0719,0.2228,4.2361,25.6934,156.6702,4.6077
cit-Patents,float,1,1,0.366914,15,24.0457,0.1396,0.1014,2.2903,15.0991,6.5926,2.4197,19.3989,2.0155,13.0359,0.1324,2.1378,23.2883,141.5712,2.3058
cit-Patents,float,1,2,0.354187,15,23.5018,0.1384,0.0992,2.2925,15.0991,6.5862,2.4213,18.8638,2.0151,13.0359,0.1328,2.1313,23.0971,141.5712,2.3026
cit-Patents,float,1,3,0.361177,15,23.6831,0.1389,0.1017,2.2904,15.0991,6.5924,2.4199,19.0422,2.0157,13.0359,0.1326,2.1323,23.1454,141.5712,2.3061
wiki-topcats,double,0,1,0.189259,37,5.1134,0.1074,4.9889,,,,,,,,,5.0962,26.0057,157.0430,2.1866
wiki-topcats,double,0,2,0.188307,37,5.0898,0.1059,4.9683,,,,,,,,,5.0707,25.7727,157.0430,2.1853
wiki-topcats,double,0,3,0.189153,37,5.1178,0.1070,4.9918,,,,,,,,,5.0941,25.7837,157.0430,2.2052
wiki-topcats,float,0,1,0.130946,37,3.5419,0.0616,3.4606,,,,,,,,,3.5211,24.9610,149.8770,1.1255
wiki-topcats,float,0,2,0.130838,37,3.5357,0.0614,3.4561,,,,,,,,,3.5174,24.5056,149.8770,1.0928
wiki-topcats,float,0,3,0.130697,37,3.5296,0.0618,3.4538,,,,,,,,,3.5109,24.6090,149.8770,1.1139
wiki-topcats,double,0.25,1,0.291932,37,7.5460,0.1058,3.7820,2.1813,14.3319,6.5704,2.2713,5.1779,0.0020,0.0178,0.0020,0.0066,25.6535,157.0430,2.1854
wiki-topcats,double,0.25,2,0.283724,37,7.5180,0.1057,3.7818,2.1811,14.3319,6.5710,2.2713,5.1502,0.0019,0.0178,0.0020,0.0065,25.6176,157.0430,2.1859
wiki-topcats,double,0.25,3,0.284429,37,7.5091,0.1062,3.7931,2.1821,14.3319,6.5679,2.2707,5.1401,0.0019,0.0178,0.0020,0.0067,25.8178,157.0430,2.1854
wiki-topcats,float,0.25,1,0.146042,37,3.7494,0.0620,2.7213,1.0906,7.1660,6.5705,1.1359,2.5189,0.0012,0.0089,0.0020,0.0065,24.5354,149.8770,1.0926
wiki-topcats,float,0.25,2,0.143736,37,3.6919,0.0620,2.7268,1.0908,7.1660,6.5692,1.1371,2.4587,0.0012,0.0089,0.0020,0.0064,24.9864,149.8770,1.0926
wiki-topcats,float,0.25,3,0.145762,37,3.7633,0.0619,2.7282,1.0905,7.1660,6.5711,1.1364,2.5322,0.0012,0.0089,0.0020,0.0065,24.5637,149.8770,1.0926
wiki-topcats,double,0.5,1,0.424402,37,11.3401,0.1100,2.6496,2.1792,14.3319,6.5768,2.2763,8.9452,0.0371,0.2314,0.0035,0.0294,25.8958,157.0430,2.1864
wiki-topcats,double,0.5,2,0.420539,37,11.2786,0.1100,2.6521,2.1794,14.3319,6.5760,2.2761,8.8854,0.0370,0.2314,0.0035,0.0299,25.6883,157.0430,2.1855
wiki-topcats,double,0.5,3,0.422573,37,11.2990,0.1105,2.6446,2.1796,14.3319,6.5755,2.2766,8.9137,0.0370,0.2314,0.0036,0.0216,25.7389,157.0430,2.1864
wiki-topcats,float,0.5,1,0.231492,37,6.0911,0.0655,1.9952,1.0905,7.1660,6.5711,1.1426,4.8530,0.0189,0.1157,0.0029,0.0064,24.7777,149.8770,1.0926
wiki-topcats,float,0.5,2,0.231459,37,6.1222,0.0654,1.9974,1.0905,7.1660,6.5711,1.1441,4.8858,0.0189,0.1157,0.0029,0.0066,24.6283,149.8770,1.0929
wiki-topcats,float,0.5,3,0.231827,37,6.1047,0.0652,1.9967,1.0910,7.1660,6.5682,1.1418,4.8685,0.0190,0.1157,0.0029,0.0068,24.6578,149.8770,1.0925
wiki-topcats,double,0.75,1,0.570389,37,15.3632,0.1101,1.8011,2.1793,14.3319,6.5762,2.2782,12.7478,0.2380,1.5342,0.0298,0.2570,25.7524,157.0430,2.1855
wiki-topcats,double,0.75,2,0.575024,37,15.4621,0.1095,1.8034,2.1794,14.3319,6.5761,2.2742,12.8503,0.2379,1.5342,0.0298,0.2531,25.6390,157.0430,2.1867
wiki-topcats,double,0.75,3,0.573513,37,15.3607,0.1093,1.7998,2.1792,14.3319,6.5767,2.2763,12.7477,0.2380,1.5342,0.0299,0.2517,26.0153,157.0430,2.1865
wiki-topcats,float,0.75,1,0.339606,37,9.0824,0.0659,1.2427,1.0905,7.1660,6.5711,1.1422,7.7259,0.1198,0.7671,0.0183,0.1234,24.5696,149.8770,1.0925
wiki-topcats,float,0.75,2,0.348049,37,9.3408,0.0660,1.2442,1.0905,7.1660,6.5713,1.1419,7.9865,0.1197,0.7671,0.0182,0.1220,24.6646,149.8770,1.0927
wiki-topcats,float,0.75,3,0.343050,37,9.1643,0.0660,1.2426,1.0906,7.1660,6.5709,1.1419,7.8079,0.1197,0.7671,0.0182,0.1277,24.6449,149.8770,1.0924
wiki-topcats,double,1,1,0.883806,37,23.8199,0.1086,0.0000,2.1738,14.3319,6.5931,2.2779,19.1584,2.2164,14.3319,0.0992,2.3005,25.9350,157.0430,2.1856
wiki-topcats,double,1,2,0.876496,37,23.6054,0.1086,0.0000,2.1738,14.3319,6.5931,2.2776,18.9495,2.2163,14.3319,0.0991,2.3045,25.8380,157.0430,2.1866
wiki-topcats,double,1,3,0.881846,37,23.6507,0.1088,0.0000,2.1738,14.3319,6.5931,2.2773,18.9911,2.2161,14.3319,0.0994,2.3009,25.6030,157.0430,2.1862
wiki-topcats,float,1,1,0.604514,37,16.1601,0.0648,0.0000,1.0870,7.1660,6.5926,1.1491,13.7736,1.1082,7.1660,0.0594,1.1533,24.5628,149.8770,1.0927
wiki-topcats,float,1,2,0.610759,37,16.2015,0.0655,0.0000,1.0871,7.1660,6.5918,1.1499,13.8111,1.1087,7.1660,0.0599,1.1573,24.6199,149.8770,1.0933
wiki-topcats,float,1,3,0.595393,37,15.8599,0.0647,0.0000,1.0870,7.1660,6.5926,1.1489,13.4729,1.1085,7.1660,0.0593,1.1554,24.9215,149.8770,1.0925
soc-Pokec,double,0,1,0.435147,44,9.8870,0.1036,9.7680,,,,,,,,,9.8692,26.5672,161.6775,1.9934
soc-Pokec,double,0,2,0.434991,44,9.8848,0.1041,9.7651,,,,,,,,,9.8676,26.5769,161.6775,1.9931
soc-Pokec,double,0,3,0.435166,44,9.8880,0.1035,9.7693,,,,,,,,,9.8693,26.4669,161.6775,1.9933
soc-Pokec,float,0,1,0.277275,44,6.2993,0.0597,6.2253,,,,,,,,,6.2810,25.5189,155.1463,0.9969
soc-Pokec,float,0,2,0.277100,44,6.2984,0.0596,6.2227,,,,,,,,,6.2800,25.3865,155.1463,0.9970
soc-Pokec,float,0,3,0.277178,44,6.2973,0.0598,6.2225,,,,,,,,,6.2792,25.4714,155.1463,0.9969
soc-Pokec,double,0.25,1,0.348600,44,7.8395,0.1081,7.6114,1.9880,13.0624,6.5708,2.0877,5.2811,0.0762,0.4864,0.0107,0.3732,26.8461,161.6775,1.9934
soc-Pokec,double,0.25,2,0.350306,44,7.8540,0.1080,7.6233,1.9904,13.0624,6.5626,2.0912,5.2749,0.0761,0.4864,0.0106,0.3944,26.4849,161.6775,1.9932
soc-Pokec,double,0.25,3,0.347503,44,7.8448,0.1077,7.6195,1.9887,13.0624,6.5682,2.0890,5.3318,0.0762,0.4864,0.0106,0.3154,26.5701,161.6775,1.9934
soc-Pokec,float,0.25,1,0.234885,44,5.2574,0.0636,5.1200,0.9941,6.5312,6.5703,1.0501,3.7096,0.0385,0.2432,0.0064,0.4138,25.4206,155.1463,0.9969
soc-Pokec,float,0.25,2,0.237418,44,5.2509,0.0634,5.1162,0.9940,6.5312,6.5704,1.0506,3.6761,0.0384,0.2432,0.0064,0.4391,25.3479,155.1463,0.9970
soc-Pokec,float,0.25,3,0.235703,44,5.2534,0.0634,5.1164,0.9961,6.5312,6.5567,1.0513,3.6797,0.0383,0.2432,0.0064,0.4398,25.6984,155.1463,0.9971
soc-Pokec,double,0.5,1,0.608516,44,13.5485,0.1080,5.5751,1.9896,13.0624,6.5655,2.0890,11.1235,0.2343,1.5099,0.0283,0.2536,26.5591,161.6775,1.9932
soc-Pokec,double,0.5,2,0.601706,44,13.2819,0.1081,5.5717,1.9879,13.0624,6.5711,2.0883,10.8576,0.2344,1.5099,0.0286,0.2500,26.6246,161.6775,1.9933
soc-Pokec,double,0.5,3,0.589346,44,13.2865,0.1079,5.5656,1.9881,13.0624,6.5704,2.0895,10.8518,0.2343,1.5099,0.0284,0.2525,26.4591,161.6775,1.9935
soc-Pokec,float,0.5,1,0.395460,44,8.8505,0.0638,3.9206,0.9940,6.5312,6.5708,1.0500,7.5963,0.1178,0.7550,0.0164,0.1151,25.5285,155.1463,0.9971
soc-Pokec,float,0.5,2,0.389595,44,8.7689,0.0638,3.9210,0.9950,6.5312,6.5638,1.0504,7.5151,0.1180,0.7550,0.0164,0.1198,25.3418,155.1463,0.9970
soc-Pokec,float,0.5,3,0.390837,44,8.8186,0.0639,3.9228,0.9945,6.5312,6.5671,1.0504,7.5609,0.1178,0.7550,0.0163,0.1162,25.3970,155.1463,0.9970
soc-Pokec,double,0.75,1,0.867596,44,19.6437,0.1074,3.2543,1.9884,13.0624,6.5694,2.0856,16.9001,0.5274,3.4045,0.0519,0.5692,26.6963,161.6775,1.9928
soc-Pokec,double,0.75,2,0.888503,44,20.1133,0.1079,3.2558,1.9887,13.0624,6.5683,2.0894,17.3663,0.5273,3.4045,0.0520,0.5684,26.5398,161.6775,1.9934
soc-Pokec,double,0.75,3,0.882614,44,19.8485,0.1069,3.2564,1.9880,13.0624,6.5706,2.0868,17.0980,0.5271,3.4045,0.0519,0.5659,26.5965,161.6775,1.9936
soc-Pokec,float,0.75,1,0.578174,44,12.7317,0.0654,2.3461,0.9941,6.5312,6.5701,1.0515,11.3137,0.2639,1.7023,0.0287,0.2789,25.5104,155.1463,0.9975
soc-Pokec,float,0.75,2,0.562495,44,12.7117,0.0640,2.3369,0.9972,6.5312,6.5498,1.0536,11.2884,0.2640,1.7023,0.0284,0.2811,25.7695,155.1463,0.9970
soc-Pokec,float,0.75,3,0.575929,44,12.8903,0.0655,2.3467,0.9941,6.5312,6.5701,1.0522,11.4690,0.2639,1.7023,0.0287,0.2817,25.4946,155.1463,0.9977
soc-Pokec,double,1,1,1.310677,44,29.6983,0.1086,0.0640,1.9814,13.0624,6.5924,2.0788,25.5698,1.8792,12.1556,0.0989,1.9640,26.7615,161.6775,1.9947
soc-Pokec,double,1,2,1.345079,44,30.3592,0.1081,0.0620,1.9828,13.0624,6.5879,2.0799,26.2307,1.8791,12.1556,0.0988,1.9630,26.8394,161.6775,1.9934
soc-Pokec,double,1,3,1.350414,44,30.4940,0.1087,0.0638,1.9814,13.0624,6.5924,2.0786,26.3605,1.8794,12.1556,0.0988,1.9647,26.7516,161.6775,1.9946
soc-Pokec,float,1,1,0.867845,44,19.4756,0.0668,0.0492,0.9909,6.5312,6.5910,1.0471,17.3564,0.9400,6.0778,0.0591,0.9882,25.5372,155.1463,0.9976
soc-Pokec,float,1,2,0.859281,44,19.4614,0.0656,0.0468,0.9907,6.5312,6.5924,1.0457,17.3425,0.9400,6.0778,0.0588,0.9875,25.6169,155.1463,0.9969
soc-Pokec,float,1,3,0.852014,44,19.2608,0.0668,0.0490,0.9908,6.5312,6.5916,1.0468,17.1408,0.9402,6.0778,0.0591,0.9853,25.5674,155.1463,0.9980
soc-LiveJournal1,double,0,1,1.023612,51,20.0703,0.3066,19.7459,,,,,,,,,20.0498,64.7134,392.3168,5.9134
soc-LiveJournal1,double,0,2,1.023679,51,20.0811,0.3065,19.7583,,,,,,,,,20.0630,64.8462,392.3168,5.9388
soc-LiveJournal1,double,0,3,1.023251,51,20.0686,0.3066,19.7459,,,,,,,,,20.0497,64.2090,392.3168,5.9386
soc-LiveJournal1,float,0,1,0.802513,51,15.7331,0.1816,15.5298,,,,,,,,,15.7129,61.6899,372.9265,2.9805
soc-LiveJournal1,float,0,2,0.801838,51,15.7195,0.1814,15.5231,,,,,,,,,15.7015,61.3927,372.9265,2.9591
soc-LiveJournal1,float,0,3,0.802578,51,15.7440,0.1815,15.5435,,,,,,,,,15.7240,61.6145,372.9265,2.9569
soc-LiveJournal1,double,0.25,1,0.906526,51,17.4906,0.3120,16.5637,5.9070,38.7806,6.5652,6.2076,11.1027,0.0987,0.6308,0.0126,0.0957,64.6559,392.3168,5.9137
soc-LiveJournal1,double,0.25,2,0.903549,51,17.5337,0.3118,16.5675,5.9066,38.7806,6.5656,6.2104,11.1425,0.0986,0.6308,0.0126,0.0955,64.7784,392.3168,5.9136
soc-LiveJournal1,double,0.25,3,0.894541,51,17.5153,0.3116,16.5471,5.9078,38.7806,6.5643,6.2082,11.1242,0.0987,0.6308,0.0125,0.0974,64.3696,392.3168,5.9137
soc-LiveJournal1,float,0.25,1,0.688877,51,13.5120,0.1871,13.2411,2.9511,19.3903,6.5705,3.1286,7.8325,0.0497,0.3154,0.0081,2.4571,61.4244,372.9265,2.9569
soc-LiveJournal1,float,0.25,2,0.689246,51,13.5201,0.1868,13.2398,2.9514,19.3903,6.5699,3.1298,7.8068,0.0497,0.3154,0.0081,2.4771,61.1253,372.9265,2.9585
soc-LiveJournal1,float,0.25,3,0.690898,51,13.5022,0.1867,13.2252,2.9513,19.3903,6.5700,3.1294,7.8716,0.0497,0.3154,0.0081,2.3986,61.5599,372.9265,2.9592
soc-LiveJournal1,double,0.5,1,1.752923,51,34.3112,0.3121,11.6317,5.9076,38.7806,6.5646,6.2100,27.5584,0.4161,2.6856,0.0554,0.4596,64.7288,392.3168,5.9139
soc-LiveJournal1,double,0.5,2,1.758788,51,34.3211,0.3115,11.6203,5.9066,38.7806,6.5657,6.2080,27.5682,0.4161,2.6856,0.0553,0.4566,64.4890,392.3168,5.9153
soc-LiveJournal1,double,0.5,3,1.760665,51,34.4011,0.3116,11.6371,5.9062,38.7806,6.5661,6.2077,27.6553,0.4161,2.6856,0.0555,0.4551,65.2454,392.3168,5.9173
soc-LiveJournal1,float,0.5,1,1.176224,51,23.0122,0.1873,9.9657,2.9512,19.3903,6.5702,3.1301,19.5637,0.2084,1.3428,0.0347,0.2285,61.1194,372.9265,2.9568
soc-LiveJournal1,float,0.5,2,1.170905,51,22.7711,0.1877,9.9636,2.9511,19.3903,6.5704,3.1293,19.3223,0.2084,1.3428,0.0346,0.2301,61.1008,372.9265,2.9570
soc-LiveJournal1,float,0.5,3,1.163996,51,22.7066,0.1876,9.9667,2.9516,19.3903,6.5694,3.1296,19.2582,0.2084,1.3428,0.0348,0.2299,61.1695,372.9265,2.9588
soc-LiveJournal1,double,0.75,1,2.773650,51,54.1889,0.3110,6.8090,5.9063,38.7806,6.5659,6.2062,46.6280,1.1520,7.4481,0.1302,1.2651,64.3237,392.3168,5.9174
soc-LiveJournal1,double,0.75,2,2.774279,51,54.2174,0.3111,6.8123,5.9056,38.7806,6.5667,6.2062,46.6547,1.1520,7.4481,0.1302,1.2708,64.8465,392.3168,5.9212
soc-LiveJournal1,double,0.75,3,2.790387,51,54.4150,0.3102,6.8080,5.9080,38.7806,6.5641,6.2081,46.8566,1.1521,7.4481,0.1302,1.2649,64.6417,392.3168,5.9157
soc-LiveJournal1,float,0.75,1,1.910832,51,37.3817,0.1867,5.6732,2.9519,19.3903,6.5687,3.1295,33.5269,0.5766,3.7241,0.0794,0.6395,60.9342,372.9265,2.9571
soc-LiveJournal1,float,0.75,2,1.912893,51,37.3702,0.1885,5.6755,2.9511,19.3903,6.5706,3.1321,33.5069,0.5766,3.7241,0.0798,0.6393,61.6602,372.9265,2.9610
soc-LiveJournal1,float,0.75,3,1.899479,51,37.1536,0.1865,5.6748,2.9538,19.3903,6.5645,3.1301,33.2834,0.5767,3.7241,0.0794,0.6421,61.3437,372.9265,2.9568
soc-LiveJournal1,double,1,1,4.361048,51,85.3184,0.3127,0.1966,5.8821,38.7806,6.5930,6.1832,73.2023,5.5510,35.9139,0.3111,5.8442,64.6497,392.3168,5.9166
soc-LiveJournal1,double,1,2,4.344121,51,85.0023,0.3056,0.1992,5.8819,38.7806,6.5932,6.1755,72.8955,5.5509,35.9139,0.3085,5.8436,64.4748,392.3168,5.9212
soc-LiveJournal1,double,1,3,4.353067,51,85.0977,0.3110,0.1967,5.8821,38.7806,6.5930,6.1839,72.9734,5.5512,35.9139,0.3110,5.8454,64.5271,392.3168,5.9160
soc-LiveJournal1,float,1,1,3.177682,51,62.0800,0.1872,0.1386,2.9428,19.3903,6.5891,3.1201,55.9168,2.7759,17.9570,0.1876,2.9463,61.4878,372.9265,3.0013
soc-LiveJournal1,float,1,2,3.165794,51,61.8514,0.1887,0.1417,2.9411,19.3903,6.5928,3.1198,55.7012,2.7762,17.9570,0.1875,2.9451,61.6093,372.9265,2.9588
soc-LiveJournal1,float,1,3,3.217662,51,62.5869,0.1869,0.1386,2.9435,19.3903,6.5876,3.1228,56.4326,2.7762,17.9570,0.1881,2.9476,61.5810,372.9265,2.9587
