graph,nodes,edges,build,precision,threads,damping,tolerance,iterations,converged,seconds_total,seconds_per_iter,rank_sum,cpu_share,classes
data/snap/wiki-Vote.csr,7115,103689,hybrid,double,24,0.85,1e-06,16,1,0.000990,0.000062,1.000000000000048,0,16/256
data/snap/wiki-Vote.csr,7115,103689,hybrid,float,24,0.85,1e-06,16,1,0.001014,0.000063,0.999999972595106,0,16/256
data/snap/wiki-Vote.csr,7115,103689,hybrid,double,24,0.85,1e-06,16,1,0.002153,0.000135,1.000000000000048,0.25,16/256
data/snap/wiki-Vote.csr,7115,103689,hybrid,float,24,0.85,1e-06,16,1,0.002270,0.000142,0.999999972595106,0.25,16/256
data/snap/wiki-Vote.csr,7115,103689,hybrid,double,24,0.85,1e-06,16,1,0.002224,0.000139,1.000000000000048,0.5,16/256
data/snap/wiki-Vote.csr,7115,103689,hybrid,float,24,0.85,1e-06,16,1,0.002248,0.000141,0.999999972595106,0.5,16/256
data/snap/wiki-Vote.csr,7115,103689,hybrid,double,24,0.85,1e-06,16,1,0.002257,0.000141,1.000000000000048,0.75,16/256
data/snap/wiki-Vote.csr,7115,103689,hybrid,float,24,0.85,1e-06,16,1,0.002528,0.000158,0.999999972595106,0.75,16/256
data/snap/wiki-Vote.csr,7115,103689,hybrid,double,24,0.85,1e-06,16,1,0.002342,0.000146,1.000000000000048,1,16/256
data/snap/wiki-Vote.csr,7115,103689,hybrid,float,24,0.85,1e-06,16,1,0.003010,0.000188,0.999999972595106,1,16/256
data/snap/wiki-Vote.csr,7115,103689,hybrid,double,24,0.85,1e-06,16,1,0.000993,0.000062,1.000000000000048,0,16/256
data/snap/wiki-Vote.csr,7115,103689,hybrid,float,24,0.85,1e-06,16,1,0.001021,0.000064,0.999999972595106,0,16/256
data/snap/wiki-Vote.csr,7115,103689,hybrid,double,24,0.85,1e-06,16,1,0.002251,0.000141,1.000000000000048,0.25,16/256
data/snap/wiki-Vote.csr,7115,103689,hybrid,float,24,0.85,1e-06,16,1,0.002540,0.000159,0.999999972595106,0.25,16/256
data/snap/wiki-Vote.csr,7115,103689,hybrid,double,24,0.85,1e-06,16,1,0.002660,0.000166,1.000000000000048,0.5,16/256
data/snap/wiki-Vote.csr,7115,103689,hybrid,float,24,0.85,1e-06,16,1,0.003059,0.000191,0.999999972595106,0.5,16/256
data/snap/wiki-Vote.csr,7115,103689,hybrid,double,24,0.85,1e-06,16,1,0.002679,0.000167,1.000000000000048,0.75,16/256
data/snap/wiki-Vote.csr,7115,103689,hybrid,float,24,0.85,1e-06,16,1,0.002164,0.000135,0.999999972595106,0.75,16/256
data/snap/wiki-Vote.csr,7115,103689,hybrid,double,24,0.85,1e-06,16,1,0.002335,0.000146,1.000000000000048,1,16/256
data/snap/wiki-Vote.csr,7115,103689,hybrid,float,24,0.85,1e-06,16,1,0.002256,0.000141,0.999999972595106,1,16/256
data/snap/wiki-Vote.csr,7115,103689,hybrid,double,24,0.85,1e-06,16,1,0.000985,0.000062,1.000000000000048,0,16/256
data/snap/wiki-Vote.csr,7115,103689,hybrid,float,24,0.85,1e-06,16,1,0.001012,0.000063,0.999999972595106,0,16/256
data/snap/wiki-Vote.csr,7115,103689,hybrid,double,24,0.85,1e-06,16,1,0.002141,0.000134,1.000000000000048,0.25,16/256
data/snap/wiki-Vote.csr,7115,103689,hybrid,float,24,0.85,1e-06,16,1,0.002217,0.000139,0.999999972595106,0.25,16/256
data/snap/wiki-Vote.csr,7115,103689,hybrid,double,24,0.85,1e-06,16,1,0.002216,0.000138,1.000000000000048,0.5,16/256
data/snap/wiki-Vote.csr,7115,103689,hybrid,float,24,0.85,1e-06,16,1,0.002244,0.000140,0.999999972595106,0.5,16/256
data/snap/wiki-Vote.csr,7115,103689,hybrid,double,24,0.85,1e-06,16,1,0.002210,0.000138,1.000000000000048,0.75,16/256
data/snap/wiki-Vote.csr,7115,103689,hybrid,float,24,0.85,1e-06,16,1,0.002290,0.000143,0.999999972595106,0.75,16/256
data/snap/wiki-Vote.csr,7115,103689,hybrid,double,24,0.85,1e-06,16,1,0.002344,0.000147,1.000000000000048,1,16/256
data/snap/wiki-Vote.csr,7115,103689,hybrid,float,24,0.85,1e-06,16,1,0.002309,0.000144,0.999999972595106,1,16/256
data/snap/web-NotreDame.csr,325729,1497134,hybrid,double,24,0.85,1e-06,58,1,0.009422,0.000162,1.000000000000170,0,16/256
data/snap/web-NotreDame.csr,325729,1497134,hybrid,float,24,0.85,1e-06,58,1,0.011391,0.000196,0.999999999238298,0,16/256
data/snap/web-NotreDame.csr,325729,1497134,hybrid,double,24,0.85,1e-06,58,1,0.030388,0.000524,1.000000000000170,0.25,16/256
data/snap/web-NotreDame.csr,325729,1497134,hybrid,float,24,0.85,1e-06,58,1,0.018527,0.000319,0.999999999238298,0.25,16/256
data/snap/web-NotreDame.csr,325729,1497134,hybrid,double,24,0.85,1e-06,58,1,0.037181,0.000641,1.000000000000169,0.5,16/256
data/snap/web-NotreDame.csr,325729,1497134,hybrid,float,24,0.85,1e-06,58,1,0.022766,0.000393,0.999999999238298,0.5,16/256
data/snap/web-NotreDame.csr,325729,1497134,hybrid,double,24,0.85,1e-06,58,1,0.050535,0.000871,1.000000000000170,0.75,16/256
data/snap/web-NotreDame.csr,325729,1497134,hybrid,float,24,0.85,1e-06,58,1,0.032787,0.000565,0.999999999238298,0.75,16/256
data/snap/web-NotreDame.csr,325729,1497134,hybrid,double,24,0.85,1e-06,58,1,0.131205,0.002262,1.000000000000170,1,16/256
data/snap/web-NotreDame.csr,325729,1497134,hybrid,float,24,0.85,1e-06,58,1,0.106493,0.001836,0.999999999238298,1,16/256
data/snap/web-NotreDame.csr,325729,1497134,hybrid,double,24,0.85,1e-06,58,1,0.009409,0.000162,1.000000000000170,0,16/256
data/snap/web-NotreDame.csr,325729,1497134,hybrid,float,24,0.85,1e-06,58,1,0.011380,0.000196,0.999999999238298,0,16/256
data/snap/web-NotreDame.csr,325729,1497134,hybrid,double,24,0.85,1e-06,58,1,0.030656,0.000529,1.000000000000170,0.25,16/256
data/snap/web-NotreDame.csr,325729,1497134,hybrid,float,24,0.85,1e-06,58,1,0.018400,0.000317,0.999999999238298,0.25,16/256
data/snap/web-NotreDame.csr,325729,1497134,hybrid,double,24,0.85,1e-06,58,1,0.034649,0.000597,1.000000000000170,0.5,16/256
data/snap/web-NotreDame.csr,325729,1497134,hybrid,float,24,0.85,1e-06,58,1,0.022731,0.000392,0.999999999238298,0.5,16/256
data/snap/web-NotreDame.csr,325729,1497134,hybrid,double,24,0.85,1e-06,58,1,0.047790,0.000824,1.000000000000169,0.75,16/256
data/snap/web-NotreDame.csr,325729,1497134,hybrid,float,24,0.85,1e-06,58,1,0.032631,0.000563,0.999999999238298,0.75,16/256
data/snap/web-NotreDame.csr,325729,1497134,hybrid,double,24,0.85,1e-06,58,1,0.152542,0.002630,1.000000000000170,1,16/256
data/snap/web-NotreDame.csr,325729,1497134,hybrid,float,24,0.85,1e-06,58,1,0.107855,0.001860,0.999999999238298,1,16/256
data/snap/web-NotreDame.csr,325729,1497134,hybrid,double,24,0.85,1e-06,58,1,0.009400,0.000162,1.000000000000170,0,16/256
data/snap/web-NotreDame.csr,325729,1497134,hybrid,float,24,0.85,1e-06,58,1,0.011417,0.000197,0.999999999238298,0,16/256
data/snap/web-NotreDame.csr,325729,1497134,hybrid,double,24,0.85,1e-06,58,1,0.030372,0.000524,1.000000000000170,0.25,16/256
data/snap/web-NotreDame.csr,325729,1497134,hybrid,float,24,0.85,1e-06,58,1,0.018386,0.000317,0.999999999238298,0.25,16/256
data/snap/web-NotreDame.csr,325729,1497134,hybrid,double,24,0.85,1e-06,58,1,0.037539,0.000647,1.000000000000170,0.5,16/256
data/snap/web-NotreDame.csr,325729,1497134,hybrid,float,24,0.85,1e-06,58,1,0.022955,0.000396,0.999999999238298,0.5,16/256
data/snap/web-NotreDame.csr,325729,1497134,hybrid,double,24,0.85,1e-06,58,1,0.051078,0.000881,1.000000000000170,0.75,16/256
data/snap/web-NotreDame.csr,325729,1497134,hybrid,float,24,0.85,1e-06,58,1,0.032696,0.000564,0.999999999238298,0.75,16/256
data/snap/web-NotreDame.csr,325729,1497134,hybrid,double,24,0.85,1e-06,58,1,0.129063,0.002225,1.000000000000169,1,16/256
data/snap/web-NotreDame.csr,325729,1497134,hybrid,float,24,0.85,1e-06,58,1,0.109250,0.001884,0.999999999238298,1,16/256
data/snap/web-Stanford.csr,281903,2312497,hybrid,double,24,0.85,1e-06,63,1,0.013780,0.000219,1.000000000000591,0,16/256
data/snap/web-Stanford.csr,281903,2312497,hybrid,float,24,0.85,1e-06,63,1,0.017056,0.000271,0.999999989271259,0,16/256
data/snap/web-Stanford.csr,281903,2312497,hybrid,double,24,0.85,1e-06,63,1,0.084929,0.001348,1.000000000000591,0.25,16/256
data/snap/web-Stanford.csr,281903,2312497,hybrid,float,24,0.85,1e-06,63,1,0.050712,0.000805,0.999999989271259,0.25,16/256
data/snap/web-Stanford.csr,281903,2312497,hybrid,double,24,0.85,1e-06,63,1,0.065265,0.001036,1.000000000000591,0.5,16/256
data/snap/web-Stanford.csr,281903,2312497,hybrid,float,24,0.85,1e-06,63,1,0.035692,0.000567,0.999999989271259,0.5,16/256
data/snap/web-Stanford.csr,281903,2312497,hybrid,double,24,0.85,1e-06,63,1,0.073106,0.001160,1.000000000000591,0.75,16/256
data/snap/web-Stanford.csr,281903,2312497,hybrid,float,24,0.85,1e-06,63,1,0.042116,0.000669,0.999999989271259,0.75,16/256
data/snap/web-Stanford.csr,281903,2312497,hybrid,double,24,0.85,1e-06,63,1,0.144197,0.002289,1.000000000000591,1,16/256
data/snap/web-Stanford.csr,281903,2312497,hybrid,float,24,0.85,1e-06,63,1,0.114186,0.001812,0.999999989271259,1,16/256
data/snap/web-Stanford.csr,281903,2312497,hybrid,double,24,0.85,1e-06,63,1,0.013758,0.000218,1.000000000000591,0,16/256
data/snap/web-Stanford.csr,281903,2312497,hybrid,float,24,0.85,1e-06,63,1,0.017072,0.000271,0.999999989271259,0,16/256
data/snap/web-Stanford.csr,281903,2312497,hybrid,double,24,0.85,1e-06,63,1,0.089045,0.001413,1.000000000000591,0.25,16/256
data/snap/web-Stanford.csr,281903,2312497,hybrid,float,24,0.85,1e-06,63,1,0.045526,0.000723,0.999999989271259,0.25,16/256
data/snap/web-Stanford.csr,281903,2312497,hybrid,double,24,0.85,1e-06,63,1,0.066043,0.001048,1.000000000000591,0.5,16/256
data/snap/web-Stanford.csr,281903,2312497,hybrid,float,24,0.85,1e-06,63,1,0.035646,0.000566,0.999999989271259,0.5,16/256
data/snap/web-Stanford.csr,281903,2312497,hybrid,double,24,0.85,1e-06,63,1,0.075718,0.001202,1.000000000000591,0.75,16/256
data/snap/web-Stanford.csr,281903,2312497,hybrid,float,24,0.85,1e-06,63,1,0.041977,0.000666,0.999999989271259,0.75,16/256
data/snap/web-Stanford.csr,281903,2312497,hybrid,double,24,0.85,1e-06,63,1,0.145131,0.002304,1.000000000000591,1,16/256
data/snap/web-Stanford.csr,281903,2312497,hybrid,float,24,0.85,1e-06,63,1,0.113414,0.001800,0.999999989271259,1,16/256
data/snap/web-Stanford.csr,281903,2312497,hybrid,double,24,0.85,1e-06,63,1,0.013774,0.000219,1.000000000000591,0,16/256
data/snap/web-Stanford.csr,281903,2312497,hybrid,float,24,0.85,1e-06,63,1,0.017067,0.000271,0.999999989271259,0,16/256
data/snap/web-Stanford.csr,281903,2312497,hybrid,double,24,0.85,1e-06,63,1,0.088330,0.001402,1.000000000000591,0.25,16/256
data/snap/web-Stanford.csr,281903,2312497,hybrid,float,24,0.85,1e-06,63,1,0.044627,0.000708,0.999999989271259,0.25,16/256
data/snap/web-Stanford.csr,281903,2312497,hybrid,double,24,0.85,1e-06,63,1,0.067066,0.001065,1.000000000000591,0.5,16/256
data/snap/web-Stanford.csr,281903,2312497,hybrid,float,24,0.85,1e-06,63,1,0.038337,0.000609,0.999999989271259,0.5,16/256
data/snap/web-Stanford.csr,281903,2312497,hybrid,double,24,0.85,1e-06,63,1,0.072767,0.001155,1.000000000000591,0.75,16/256
data/snap/web-Stanford.csr,281903,2312497,hybrid,float,24,0.85,1e-06,63,1,0.042193,0.000670,0.999999989271259,0.75,16/256
data/snap/web-Stanford.csr,281903,2312497,hybrid,double,24,0.85,1e-06,63,1,0.143688,0.002281,1.000000000000591,1,16/256
data/snap/web-Stanford.csr,281903,2312497,hybrid,float,24,0.85,1e-06,63,1,0.114114,0.001811,0.999999989271259,1,16/256
data/snap/web-Google.csr,875713,5105039,hybrid,double,24,0.85,1e-06,62,1,0.040424,0.000652,0.999999999997045,0,16/256
data/snap/web-Google.csr,875713,5105039,hybrid,float,24,0.85,1e-06,62,1,0.038095,0.000614,0.999999999235143,0,16/256
data/snap/web-Google.csr,875713,5105039,hybrid,double,24,0.85,1e-06,62,1,0.154105,0.002486,0.999999999997045,0.25,16/256
data/snap/web-Google.csr,875713,5105039,hybrid,float,24,0.85,1e-06,62,1,0.075204,0.001213,0.999999999235143,0.25,16/256
data/snap/web-Google.csr,875713,5105039,hybrid,double,24,0.85,1e-06,62,1,0.168784,0.002722,0.999999999997045,0.5,16/256
data/snap/web-Google.csr,875713,5105039,hybrid,float,24,0.85,1e-06,62,1,0.102210,0.001649,0.999999999235143,0.5,16/256
data/snap/web-Google.csr,875713,5105039,hybrid,double,24,0.85,1e-06,62,1,0.208659,0.003365,0.999999999997045,0.75,16/256
data/snap/web-Google.csr,875713,5105039,hybrid,float,24,0.85,1e-06,62,1,0.139352,0.002248,0.999999999235143,0.75,16/256
data/snap/web-Google.csr,875713,5105039,hybrid,double,24,0.85,1e-06,62,1,0.376923,0.006079,0.999999999997045,1,16/256
data/snap/web-Google.csr,875713,5105039,hybrid,float,24,0.85,1e-06,62,1,0.341493,0.005508,0.999999999235143,1,16/256
data/snap/web-Google.csr,875713,5105039,hybrid,double,24,0.85,1e-06,62,1,0.040435,0.000652,0.999999999997045,0,16/256
data/snap/web-Google.csr,875713,5105039,hybrid,float,24,0.85,1e-06,62,1,0.038089,0.000614,0.999999999235143,0,16/256
data/snap/web-Google.csr,875713,5105039,hybrid,double,24,0.85,1e-06,62,1,0.123468,0.001991,0.999999999997045,0.25,16/256
data/snap/web-Google.csr,875713,5105039,hybrid,float,24,0.85,1e-06,62,1,0.077797,0.001255,0.999999999235143,0.25,16/256
data/snap/web-Google.csr,875713,5105039,hybrid,double,24,0.85,1e-06,62,1,0.157906,0.002547,0.999999999997045,0.5,16/256
data/snap/web-Google.csr,875713,5105039,hybrid,float,24,0.85,1e-06,62,1,0.106070,0.001711,0.999999999235143,0.5,16/256
data/snap/web-Google.csr,875713,5105039,hybrid,double,24,0.85,1e-06,62,1,0.209289,0.003376,0.999999999997045,0.75,16/256
data/snap/web-Google.csr,875713,5105039,hybrid,float,24,0.85,1e-06,62,1,0.133945,0.002160,0.999999999235143,0.75,16/256
data/snap/web-Google.csr,875713,5105039,hybrid,double,24,0.85,1e-06,62,1,0.402089,0.006485,0.999999999997045,1,16/256
data/snap/web-Google.csr,875713,5105039,hybrid,float,24,0.85,1e-06,62,1,0.336714,0.005431,0.999999999235143,1,16/256
data/snap/web-Google.csr,875713,5105039,hybrid,double,24,0.85,1e-06,62,1,0.040404,0.000652,0.999999999997045,0,16/256
data/snap/web-Google.csr,875713,5105039,hybrid,float,24,0.85,1e-06,62,1,0.038198,0.000616,0.999999999235143,0,16/256
data/snap/web-Google.csr,875713,5105039,hybrid,double,24,0.85,1e-06,62,1,0.125857,0.002030,0.999999999997045,0.25,16/256
data/snap/web-Google.csr,875713,5105039,hybrid,float,24,0.85,1e-06,62,1,0.075878,0.001224,0.999999999235143,0.25,16/256
data/snap/web-Google.csr,875713,5105039,hybrid,double,24,0.85,1e-06,62,1,0.157576,0.002542,0.999999999997045,0.5,16/256
data/snap/web-Google.csr,875713,5105039,hybrid,float,24,0.85,1e-06,62,1,0.103605,0.001671,0.999999999235143,0.5,16/256
data/snap/web-Google.csr,875713,5105039,hybrid,double,24,0.85,1e-06,62,1,0.208434,0.003362,0.999999999997045,0.75,16/256
data/snap/web-Google.csr,875713,5105039,hybrid,float,24,0.85,1e-06,62,1,0.139178,0.002245,0.999999999235143,0.75,16/256
data/snap/web-Google.csr,875713,5105039,hybrid,double,24,0.85,1e-06,62,1,0.378196,0.006100,0.999999999997045,1,16/256
data/snap/web-Google.csr,875713,5105039,hybrid,float,24,0.85,1e-06,62,1,0.314562,0.005074,0.999999999235143,1,16/256
data/snap/web-BerkStan.csr,685230,7600595,hybrid,double,24,0.85,1e-06,64,1,0.027777,0.000434,1.000000000001088,0,16/256
data/snap/web-BerkStan.csr,685230,7600595,hybrid,float,24,0.85,1e-06,64,1,0.036210,0.000566,0.999999999433868,0,16/256
data/snap/web-BerkStan.csr,685230,7600595,hybrid,double,24,0.85,1e-06,64,1,0.103894,0.001623,1.000000000001078,0.25,16/256
data/snap/web-BerkStan.csr,685230,7600595,hybrid,float,24,0.85,1e-06,64,1,0.075001,0.001172,0.999999999433868,0.25,16/256
data/snap/web-BerkStan.csr,685230,7600595,hybrid,double,24,0.85,1e-06,64,1,0.092199,0.001441,1.000000000001078,0.5,16/256
data/snap/web-BerkStan.csr,685230,7600595,hybrid,float,24,0.85,1e-06,64,1,0.061657,0.000963,0.999999999433868,0.5,16/256
data/snap/web-BerkStan.csr,685230,7600595,hybrid,double,24,0.85,1e-06,64,1,0.123335,0.001927,1.000000000001078,0.75,16/256
data/snap/web-BerkStan.csr,685230,7600595,hybrid,float,24,0.85,1e-06,64,1,0.087212,0.001363,0.999999999433868,0.75,16/256
data/snap/web-BerkStan.csr,685230,7600595,hybrid,double,24,0.85,1e-06,64,1,0.309672,0.004839,1.000000000001078,1,16/256
data/snap/web-BerkStan.csr,685230,7600595,hybrid,float,24,0.85,1e-06,64,1,0.259487,0.004054,0.999999999433868,1,16/256
data/snap/web-BerkStan.csr,685230,7600595,hybrid,double,24,0.85,1e-06,64,1,0.027735,0.000433,1.000000000001088,0,16/256
data/snap/web-BerkStan.csr,685230,7600595,hybrid,float,24,0.85,1e-06,64,1,0.036252,0.000566,0.999999999433868,0,16/256
data/snap/web-BerkStan.csr,685230,7600595,hybrid,double,24,0.85,1e-06,64,1,0.103919,0.001624,1.000000000001078,0.25,16/256
data/snap/web-BerkStan.csr,685230,7600595,hybrid,float,24,0.85,1e-06,64,1,0.075371,0.001178,0.999999999433868,0.25,16/256
data/snap/web-BerkStan.csr,685230,7600595,hybrid,double,24,0.85,1e-06,64,1,0.091944,0.001437,1.000000000001078,0.5,16/256
data/snap/web-BerkStan.csr,685230,7600595,hybrid,float,24,0.85,1e-06,64,1,0.061550,0.000962,0.999999999433868,0.5,16/256
data/snap/web-BerkStan.csr,685230,7600595,hybrid,double,24,0.85,1e-06,64,1,0.123663,0.001932,1.000000000001078,0.75,16/256
data/snap/web-BerkStan.csr,685230,7600595,hybrid,float,24,0.85,1e-06,64,1,0.087218,0.001363,0.999999999433868,0.75,16/256
data/snap/web-BerkStan.csr,685230,7600595,hybrid,double,24,0.85,1e-06,64,1,0.313156,0.004893,1.000000000001078,1,16/256
data/snap/web-BerkStan.csr,685230,7600595,hybrid,float,24,0.85,1e-06,64,1,0.258699,0.004042,0.999999999433868,1,16/256
data/snap/web-BerkStan.csr,685230,7600595,hybrid,double,24,0.85,1e-06,64,1,0.027799,0.000434,1.000000000001088,0,16/256
data/snap/web-BerkStan.csr,685230,7600595,hybrid,float,24,0.85,1e-06,64,1,0.036314,0.000567,0.999999999433868,0,16/256
data/snap/web-BerkStan.csr,685230,7600595,hybrid,double,24,0.85,1e-06,64,1,0.104999,0.001641,1.000000000001078,0.25,16/256
data/snap/web-BerkStan.csr,685230,7600595,hybrid,float,24,0.85,1e-06,64,1,0.075913,0.001186,0.999999999433868,0.25,16/256
data/snap/web-BerkStan.csr,685230,7600595,hybrid,double,24,0.85,1e-06,64,1,0.091719,0.001433,1.000000000001078,0.5,16/256
data/snap/web-BerkStan.csr,685230,7600595,hybrid,float,24,0.85,1e-06,64,1,0.061097,0.000955,0.999999999433868,0.5,16/256
data/snap/web-BerkStan.csr,685230,7600595,hybrid,double,24,0.85,1e-06,64,1,0.122206,0.001909,1.000000000001078,0.75,16/256
data/snap/web-BerkStan.csr,685230,7600595,hybrid,float,24,0.85,1e-06,64,1,0.087243,0.001363,0.999999999433868,0.75,16/256
data/snap/web-BerkStan.csr,685230,7600595,hybrid,double,24,0.85,1e-06,64,1,0.309647,0.004838,1.000000000001078,1,16/256
data/snap/web-BerkStan.csr,685230,7600595,hybrid,float,24,0.85,1e-06,64,1,0.257285,0.004020,0.999999999433868,1,16/256
data/snap/cit-Patents.csr,3774768,16518948,hybrid,double,24,0.85,1e-06,15,1,0.049111,0.003274,1.000000000004028,0,16/256
data/snap/cit-Patents.csr,3774768,16518948,hybrid,float,24,0.85,1e-06,15,1,0.030369,0.002025,0.999999998646544,0,16/256
data/snap/cit-Patents.csr,3774768,16518948,hybrid,double,24,0.85,1e-06,15,1,0.113466,0.007564,1.000000000004028,0.25,16/256
data/snap/cit-Patents.csr,3774768,16518948,hybrid,float,24,0.85,1e-06,15,1,0.070240,0.004683,0.999999998646544,0.25,16/256
data/snap/cit-Patents.csr,3774768,16518948,hybrid,double,24,0.85,1e-06,15,1,0.146202,0.009747,1.000000000004028,0.5,16/256
data/snap/cit-Patents.csr,3774768,16518948,hybrid,float,24,0.85,1e-06,15,1,0.106231,0.007082,0.999999998646544,0.5,16/256
data/snap/cit-Patents.csr,3774768,16518948,hybrid,double,24,0.85,1e-06,15,1,0.214181,0.014279,1.000000000004028,0.75,16/256
data/snap/cit-Patents.csr,3774768,16518948,hybrid,float,24,0.85,1e-06,15,1,0.163125,0.010875,0.999999998646544,0.75,16/256
data/snap/cit-Patents.csr,3774768,16518948,hybrid,double,24,0.85,1e-06,15,1,0.349544,0.023303,1.000000000004029,1,16/256
data/snap/cit-Patents.csr,3774768,16518948,hybrid,float,24,0.85,1e-06,15,1,0.355752,0.023717,0.999999998646544,1,16/256
data/snap/cit-Patents.csr,3774768,16518948,hybrid,double,24,0.85,1e-06,15,1,0.049134,0.003276,1.000000000004028,0,16/256
data/snap/cit-Patents.csr,3774768,16518948,hybrid,float,24,0.85,1e-06,15,1,0.030545,0.002036,0.999999998646544,0,16/256
data/snap/cit-Patents.csr,3774768,16518948,hybrid,double,24,0.85,1e-06,15,1,0.113472,0.007565,1.000000000004028,0.25,16/256
data/snap/cit-Patents.csr,3774768,16518948,hybrid,float,24,0.85,1e-06,15,1,0.070328,0.004689,0.999999998646544,0.25,16/256
data/snap/cit-Patents.csr,3774768,16518948,hybrid,double,24,0.85,1e-06,15,1,0.154734,0.010316,1.000000000004028,0.5,16/256
data/snap/cit-Patents.csr,3774768,16518948,hybrid,float,24,0.85,1e-06,15,1,0.106256,0.007084,0.999999998646544,0.5,16/256
data/snap/cit-Patents.csr,3774768,16518948,hybrid,double,24,0.85,1e-06,15,1,0.214550,0.014303,1.000000000004028,0.75,16/256
data/snap/cit-Patents.csr,3774768,16518948,hybrid,float,24,0.85,1e-06,15,1,0.175152,0.011677,0.999999998646544,0.75,16/256
data/snap/cit-Patents.csr,3774768,16518948,hybrid,double,24,0.85,1e-06,15,1,0.344344,0.022956,1.000000000004028,1,16/256
data/snap/cit-Patents.csr,3774768,16518948,hybrid,float,24,0.85,1e-06,15,1,0.332266,0.022151,0.999999998646544,1,16/256
data/snap/cit-Patents.csr,3774768,16518948,hybrid,double,24,0.85,1e-06,15,1,0.049105,0.003274,1.000000000004028,0,16/256
data/snap/cit-Patents.csr,3774768,16518948,hybrid,float,24,0.85,1e-06,15,1,0.030466,0.002031,0.999999998646544,0,16/256
data/snap/cit-Patents.csr,3774768,16518948,hybrid,double,24,0.85,1e-06,15,1,0.113399,0.007560,1.000000000004028,0.25,16/256
data/snap/cit-Patents.csr,3774768,16518948,hybrid,float,24,0.85,1e-06,15,1,0.070213,0.004681,0.999999998646544,0.25,16/256
data/snap/cit-Patents.csr,3774768,16518948,hybrid,double,24,0.85,1e-06,15,1,0.154510,0.010301,1.000000000004028,0.5,16/256
data/snap/cit-Patents.csr,3774768,16518948,hybrid,float,24,0.85,1e-06,15,1,0.102730,0.006849,0.999999998646544,0.5,16/256
data/snap/cit-Patents.csr,3774768,16518948,hybrid,double,24,0.85,1e-06,15,1,0.196923,0.013128,1.000000000004028,0.75,16/256
data/snap/cit-Patents.csr,3774768,16518948,hybrid,float,24,0.85,1e-06,15,1,0.163283,0.010886,0.999999998646544,0.75,16/256
data/snap/cit-Patents.csr,3774768,16518948,hybrid,double,24,0.85,1e-06,15,1,0.335666,0.022378,1.000000000004028,1,16/256
data/snap/cit-Patents.csr,3774768,16518948,hybrid,float,24,0.85,1e-06,15,1,0.349475,0.023298,0.999999998646544,1,16/256
data/snap/wiki-topcats.csr,1791489,28511807,hybrid,double,24,0.85,1e-06,37,1,0.085289,0.002305,1.000000000000245,0,16/256
data/snap/wiki-topcats.csr,1791489,28511807,hybrid,float,24,0.85,1e-06,37,1,0.078955,0.002134,1.000000000500670,0,16/256
data/snap/wiki-topcats.csr,1791489,28511807,hybrid,double,24,0.85,1e-06,37,1,0.169126,0.004571,1.000000000000245,0.25,16/256
data/snap/wiki-topcats.csr,1791489,28511807,hybrid,float,24,0.85,1e-06,37,1,0.109249,0.002953,1.000000000500670,0.25,16/256
data/snap/wiki-topcats.csr,1791489,28511807,hybrid,double,24,0.85,1e-06,37,1,0.228518,0.006176,1.000000000000244,0.5,16/256
data/snap/wiki-topcats.csr,1791489,28511807,hybrid,float,24,0.85,1e-06,37,1,0.149201,0.004032,1.000000000500670,0.5,16/256
data/snap/wiki-topcats.csr,1791489,28511807,hybrid,double,24,0.85,1e-06,37,1,0.288705,0.007803,1.000000000000244,0.75,16/256
data/snap/wiki-topcats.csr,1791489,28511807,hybrid,float,24,0.85,1e-06,37,1,0.216642,0.005855,1.000000000500670,0.75,16/256
data/snap/wiki-topcats.csr,1791489,28511807,hybrid,double,24,0.85,1e-06,37,1,0.584343,0.015793,1.000000000000244,1,16/256
data/snap/wiki-topcats.csr,1791489,28511807,hybrid,float,24,0.85,1e-06,37,1,0.491454,0.013283,1.000000000500670,1,16/256
data/snap/wiki-topcats.csr,1791489,28511807,hybrid,double,24,0.85,1e-06,37,1,0.085262,0.002304,1.000000000000245,0,16/256
data/snap/wiki-topcats.csr,1791489,28511807,hybrid,float,24,0.85,1e-06,37,1,0.079802,0.002157,1.000000000500670,0,16/256
data/snap/wiki-topcats.csr,1791489,28511807,hybrid,double,24,0.85,1e-06,37,1,0.169219,0.004573,1.000000000000245,0.25,16/256
data/snap/wiki-topcats.csr,1791489,28511807,hybrid,float,24,0.85,1e-06,37,1,0.109447,0.002958,1.000000000500670,0.25,16/256
data/snap/wiki-topcats.csr,1791489,28511807,hybrid,double,24,0.85,1e-06,37,1,0.217358,0.005875,1.000000000000244,0.5,16/256
data/snap/wiki-topcats.csr,1791489,28511807,hybrid,float,24,0.85,1e-06,37,1,0.158276,0.004278,1.000000000500670,0.5,16/256
data/snap/wiki-topcats.csr,1791489,28511807,hybrid,double,24,0.85,1e-06,37,1,0.285847,0.007726,1.000000000000244,0.75,16/256
data/snap/wiki-topcats.csr,1791489,28511807,hybrid,float,24,0.85,1e-06,37,1,0.206893,0.005592,1.000000000500670,0.75,16/256
data/snap/wiki-topcats.csr,1791489,28511807,hybrid,double,24,0.85,1e-06,37,1,0.557813,0.015076,1.000000000000244,1,16/256
data/snap/wiki-topcats.csr,1791489,28511807,hybrid,float,24,0.85,1e-06,37,1,0.487991,0.013189,1.000000000500670,1,16/256
data/snap/wiki-topcats.csr,1791489,28511807,hybrid,double,24,0.85,1e-06,37,1,0.085238,0.002304,1.000000000000245,0,16/256
data/snap/wiki-topcats.csr,1791489,28511807,hybrid,float,24,0.85,1e-06,37,1,0.080735,0.002182,1.000000000500670,0,16/256
data/snap/wiki-topcats.csr,1791489,28511807,hybrid,double,24,0.85,1e-06,37,1,0.192461,0.005202,1.000000000000245,0.25,16/256
data/snap/wiki-topcats.csr,1791489,28511807,hybrid,float,24,0.85,1e-06,37,1,0.101368,0.002740,1.000000000500670,0.25,16/256
data/snap/wiki-topcats.csr,1791489,28511807,hybrid,double,24,0.85,1e-06,37,1,0.228408,0.006173,1.000000000000244,0.5,16/256
data/snap/wiki-topcats.csr,1791489,28511807,hybrid,float,24,0.85,1e-06,37,1,0.156856,0.004239,1.000000000500670,0.5,16/256
data/snap/wiki-topcats.csr,1791489,28511807,hybrid,double,24,0.85,1e-06,37,1,0.290495,0.007851,1.000000000000244,0.75,16/256
data/snap/wiki-topcats.csr,1791489,28511807,hybrid,float,24,0.85,1e-06,37,1,0.211287,0.005710,1.000000000500670,0.75,16/256
data/snap/wiki-topcats.csr,1791489,28511807,hybrid,double,24,0.85,1e-06,37,1,0.554793,0.014994,1.000000000000244,1,16/256
data/snap/wiki-topcats.csr,1791489,28511807,hybrid,float,24,0.85,1e-06,37,1,0.490853,0.013266,1.000000000500670,1,16/256
data/snap/soc-Pokec.csr,1632803,30622564,hybrid,double,24,0.85,1e-06,44,1,0.161802,0.003677,0.999999999995803,0,16/256
data/snap/soc-Pokec.csr,1632803,30622564,hybrid,float,24,0.85,1e-06,44,1,0.129901,0.002952,0.999999999773486,0,16/256
data/snap/soc-Pokec.csr,1632803,30622564,hybrid,double,24,0.85,1e-06,44,1,0.219202,0.004982,0.999999999995803,0.25,16/256
data/snap/soc-Pokec.csr,1632803,30622564,hybrid,float,24,0.85,1e-06,44,1,0.148857,0.003383,0.999999999773486,0.25,16/256
data/snap/soc-Pokec.csr,1632803,30622564,hybrid,double,24,0.85,1e-06,44,1,0.344237,0.007824,0.999999999995803,0.5,16/256
data/snap/soc-Pokec.csr,1632803,30622564,hybrid,float,24,0.85,1e-06,44,1,0.241070,0.005479,0.999999999773486,0.5,16/256
data/snap/soc-Pokec.csr,1632803,30622564,hybrid,double,24,0.85,1e-06,44,1,0.398897,0.009066,0.999999999995803,0.75,16/256
data/snap/soc-Pokec.csr,1632803,30622564,hybrid,float,24,0.85,1e-06,44,1,0.318546,0.007240,0.999999999773486,0.75,16/256
data/snap/soc-Pokec.csr,1632803,30622564,hybrid,double,24,0.85,1e-06,44,1,0.693030,0.015751,0.999999999995802,1,16/256
data/snap/soc-Pokec.csr,1632803,30622564,hybrid,float,24,0.85,1e-06,44,1,0.555915,0.012634,0.999999999773486,1,16/256
data/snap/soc-Pokec.csr,1632803,30622564,hybrid,double,24,0.85,1e-06,44,1,0.162022,0.003682,0.999999999995803,0,16/256
data/snap/soc-Pokec.csr,1632803,30622564,hybrid,float,24,0.85,1e-06,44,1,0.133088,0.003025,0.999999999773486,0,16/256
data/snap/soc-Pokec.csr,1632803,30622564,hybrid,double,24,0.85,1e-06,44,1,0.218291,0.004961,0.999999999995803,0.25,16/256
data/snap/soc-Pokec.csr,1632803,30622564,hybrid,float,24,0.85,1e-06,44,1,0.148910,0.003384,0.999999999773486,0.25,16/256
data/snap/soc-Pokec.csr,1632803,30622564,hybrid,double,24,0.85,1e-06,44,1,0.338958,0.007704,0.999999999995803,0.5,16/256
data/snap/soc-Pokec.csr,1632803,30622564,hybrid,float,24,0.85,1e-06,44,1,0.241213,0.005482,0.999999999773486,0.5,16/256
data/snap/soc-Pokec.csr,1632803,30622564,hybrid,double,24,0.85,1e-06,44,1,0.409074,0.009297,0.999999999995802,0.75,16/256
data/snap/soc-Pokec.csr,1632803,30622564,hybrid,float,24,0.85,1e-06,44,1,0.335086,0.007616,0.999999999773486,0.75,16/256
data/snap/soc-Pokec.csr,1632803,30622564,hybrid,double,24,0.85,1e-06,44,1,0.748216,0.017005,0.999999999995802,1,16/256
data/snap/soc-Pokec.csr,1632803,30622564,hybrid,float,24,0.85,1e-06,44,1,0.540750,0.012290,0.999999999773486,1,16/256
data/snap/soc-Pokec.csr,1632803,30622564,hybrid,double,24,0.85,1e-06,44,1,0.161956,0.003681,0.999999999995803,0,16/256
data/snap/soc-Pokec.csr,1632803,30622564,hybrid,float,24,0.85,1e-06,44,1,0.132804,0.003018,0.999999999773486,0,16/256
data/snap/soc-Pokec.csr,1632803,30622564,hybrid,double,24,0.85,1e-06,44,1,0.179652,0.004083,0.999999999995803,0.25,16/256
data/snap/soc-Pokec.csr,1632803,30622564,hybrid,float,24,0.85,1e-06,44,1,0.141873,0.003224,0.999999999773486,0.25,16/256
data/snap/soc-Pokec.csr,1632803,30622564,hybrid,double,24,0.85,1e-06,44,1,0.332985,0.007568,0.999999999995803,0.5,16/256
data/snap/soc-Pokec.csr,1632803,30622564,hybrid,float,24,0.85,1e-06,44,1,0.238513,0.005421,0.999999999773486,0.5,16/256
data/snap/soc-Pokec.csr,1632803,30622564,hybrid,double,24,0.85,1e-06,44,1,0.401511,0.009125,0.999999999995803,0.75,16/256
data/snap/soc-Pokec.csr,1632803,30622564,hybrid,float,24,0.85,1e-06,44,1,0.324437,0.007374,0.999999999773486,0.75,16/256
data/snap/soc-Pokec.csr,1632803,30622564,hybrid,double,24,0.85,1e-06,44,1,0.679257,0.015438,0.999999999995802,1,16/256
data/snap/soc-Pokec.csr,1632803,30622564,hybrid,float,24,0.85,1e-06,44,1,0.588974,0.013386,0.999999999773486,1,16/256
data/snap/soc-LiveJournal1.csr,4847571,68993773,hybrid,double,24,0.85,1e-06,51,1,0.467445,0.009166,0.999999999986040,0,16/256
data/snap/soc-LiveJournal1.csr,4847571,68993773,hybrid,float,24,0.85,1e-06,51,1,0.337483,0.006617,0.999999999076930,0,16/256
data/snap/soc-LiveJournal1.csr,4847571,68993773,hybrid,double,24,0.85,1e-06,51,1,0.520643,0.010209,0.999999999986040,0.25,16/256
data/snap/soc-LiveJournal1.csr,4847571,68993773,hybrid,float,24,0.85,1e-06,51,1,0.331970,0.006509,0.999999999076930,0.25,16/256
data/snap/soc-LiveJournal1.csr,4847571,68993773,hybrid,double,24,0.85,1e-06,51,1,0.794044,0.015569,0.999999999986041,0.5,16/256
data/snap/soc-LiveJournal1.csr,4847571,68993773,hybrid,float,24,0.85,1e-06,51,1,0.543970,0.010666,0.999999999076930,0.5,16/256
data/snap/soc-LiveJournal1.csr,4847571,68993773,hybrid,double,24,0.85,1e-06,51,1,1.097113,0.021512,0.999999999986041,0.75,16/256
data/snap/soc-LiveJournal1.csr,4847571,68993773,hybrid,float,24,0.85,1e-06,51,1,0.789645,0.015483,0.999999999076930,0.75,16/256
data/snap/soc-LiveJournal1.csr,4847571,68993773,hybrid,double,24,0.85,1e-06,51,1,1.906645,0.037385,0.999999999986041,1,16/256
data/snap/soc-LiveJournal1.csr,4847571,68993773,hybrid,float,24,0.85,1e-06,51,1,1.337605,0.026228,0.999999999076930,1,16/256
data/snap/soc-LiveJournal1.csr,4847571,68993773,hybrid,double,24,0.85,1e-06,51,1,0.464934,0.009116,0.999999999986040,0,16/256
data/snap/soc-LiveJournal1.csr,4847571,68993773,hybrid,float,24,0.85,1e-06,51,1,0.341047,0.006687,0.999999999076930,0,16/256
data/snap/soc-LiveJournal1.csr,4847571,68993773,hybrid,double,24,0.85,1e-06,51,1,0.514702,0.010092,0.999999999986040,0.25,16/256
data/snap/soc-LiveJournal1.csr,4847571,68993773,hybrid,float,24,0.85,1e-06,51,1,0.331610,0.006502,0.999999999076930,0.25,16/256
data/snap/soc-LiveJournal1.csr,4847571,68993773,hybrid,double,24,0.85,1e-06,51,1,0.770587,0.015110,0.999999999986041,0.5,16/256
data/snap/soc-LiveJournal1.csr,4847571,68993773,hybrid,float,24,0.85,1e-06,51,1,0.516720,0.010132,0.999999999076930,0.5,16/256
data/snap/soc-LiveJournal1.csr,4847571,68993773,hybrid,double,24,0.85,1e-06,51,1,1.099066,0.021550,0.999999999986041,0.75,16/256
data/snap/soc-LiveJournal1.csr,4847571,68993773,hybrid,float,24,0.85,1e-06,51,1,0.788164,0.015454,0.999999999076930,0.75,16/256
data/snap/soc-LiveJournal1.csr,4847571,68993773,hybrid,double,24,0.85,1e-06,51,1,1.910914,0.037469,0.999999999986041,1,16/256
data/snap/soc-LiveJournal1.csr,4847571,68993773,hybrid,float,24,0.85,1e-06,51,1,1.340820,0.026291,0.999999999076930,1,16/256
data/snap/soc-LiveJournal1.csr,4847571,68993773,hybrid,double,24,0.85,1e-06,51,1,0.464569,0.009109,0.999999999986040,0,16/256
data/snap/soc-LiveJournal1.csr,4847571,68993773,hybrid,float,24,0.85,1e-06,51,1,0.333411,0.006537,0.999999999076930,0,16/256
data/snap/soc-LiveJournal1.csr,4847571,68993773,hybrid,double,24,0.85,1e-06,51,1,0.524557,0.010285,0.999999999986040,0.25,16/256
data/snap/soc-LiveJournal1.csr,4847571,68993773,hybrid,float,24,0.85,1e-06,51,1,0.331905,0.006508,0.999999999076930,0.25,16/256
data/snap/soc-LiveJournal1.csr,4847571,68993773,hybrid,double,24,0.85,1e-06,51,1,0.787949,0.015450,0.999999999986041,0.5,16/256
data/snap/soc-LiveJournal1.csr,4847571,68993773,hybrid,float,24,0.85,1e-06,51,1,0.514501,0.010088,0.999999999076930,0.5,16/256
data/snap/soc-LiveJournal1.csr,4847571,68993773,hybrid,double,24,0.85,1e-06,51,1,1.100963,0.021588,0.999999999986041,0.75,16/256
data/snap/soc-LiveJournal1.csr,4847571,68993773,hybrid,float,24,0.85,1e-06,51,1,0.793216,0.015553,0.999999999076930,0.75,16/256
data/snap/soc-LiveJournal1.csr,4847571,68993773,hybrid,double,24,0.85,1e-06,51,1,1.895795,0.037172,0.999999999986041,1,16/256
data/snap/soc-LiveJournal1.csr,4847571,68993773,hybrid,float,24,0.85,1e-06,51,1,1.328153,0.026042,0.999999999076930,1,16/256
